chr7	41966642	41967595	NM_000168.6	-	SJ	185	1051	464	219	479	129	430	229	235	317	494	245	793	359	568	299	649	428	686	187	578	195	GLI3		14	14	canonical	0.435294118	0.769399707	0.756933116	0.7008	0.767013611	0.688	0.755711775	0.786941581	0.724191063	0.843085106	0.822647794	0.808580858	0.689265537	0.848699764	0.793296089	0.810298103	0.786190188	0.744995648	0.773393461	0.676311031	0.74918989	0.763209393	hg38	14	canonical exon 14-15 splicing	TRUE
chr7	41966642	41967595	NM_000168.6	-	IR	121	315	149	92.5	141.5	58.5	138	62	89.5	59	106.5	57	357.5	62	147	70	176.5	146.5	201	89.5	192.5	60.5	GLI3	121	14	14	canonical	0.284705882	0.230600293	0.243066884	0.296	0.226581265	0.312	0.242530756	0.213058419	0.275808937	0.156914894	0.177352206	0.188118812	0.310734463	0.146572104	0.205307263	0.189701897	0.213809812	0.255004352	0.226606539	0.323688969	0.249513934	0.236790607	hg38	14	intron 14 retention	
chr7	41966642	41972336	NM_000168.6	-	SJ	0	0	0	0	2	0	1	0	0	0	0	0	0	0	0	0	0	0	0	0	0	0	GLI3		14	13		0	0	0	0	0.003202562	0	0.001757469	0	0	0	0	0	0	0	0	0	0	0	0	0	0	0	hg38	14	exon 14 skipping	FALSE
chr7	41966642	41977557	NM_000168.6	-	SJ	0	0	0	0	0	0	0	0	0	0	0	0	0	0	1	0	0	0	0	0	0	0	GLI3		14	12		0	0	0	0	0	0	0	0	0	0	0	0	0	0	0.001396648	0	0	0	0	0	0	0	hg38	14	exon 13-14 skipping	FALSE
chr7	41946141	41967595	NM_000168.6	-	SJ	20	0	0	0	0	0	0	0	0	0	0	0	0	0	0	0	0	0	0	0	0	0	GLI3			14		0.047058824	0	0	0	0	0	0	0	0	0	0	0	0	0	0	0	0	0	0	0	0	0	hg38	14	exon 14 ~ cryptic acceptor	FALSE
chr7	41957299	41967595	NM_000168.6	-	SJ	1	0	0	0	0	0	0	0	0	0	0	0	0	0	0	0	0	0	0	0	0	0	GLI3			14		0.002352941	0	0	0	0	0	0	0	0	0	0	0	0	0	0	0	0	0	0	0	0	0	hg38	14	exon 14 ~ cryptic acceptor	FALSE
chr7	41966634	41967595	NM_000168.6	-	SJ	91	0	0	0	0	0	0	0	0	0	0	0	0	0	0	0	0	0	0	0	0	0	GLI3			14		0.214117647	0	0	0	0	0	0	0	0	0	0	0	0	0	0	0	0	0	0	0	0	0	hg38	14	exon 14 ~ cryptic acceptor	FALSE
chr7	41552290	42370591	NM_000168.6	-	SJ	0	0	0	0	2	0	0	0	0	0	0	0	0	0	0	0	0	0	0	0	0	0	GLI3					0	0	0	0	0.003202562	0	0	0	0	0	0	0	0	0	0	0	0	0	0	0	0	0	hg38	14	unannotated junctions	
chr7	41651969	42040954	NM_000168.6	-	SJ	0	0	0	1	0	0	0	0	0	0	0	0	0	0	0	0	0	0	0	0	0	0	GLI3					0	0	0	0.0032	0	0	0	0	0	0	0	0	0	0	0	0	0	0	0	0	0	0	hg38	14	unannotated junctions	
chr7	41951995	42132332	NM_000168.6	-	SJ	0	0	0	0	0	0	0	0	0	0	0	0	0	2	0	0	0	0	0	0	0	0	GLI3					0	0	0	0	0	0	0	0	0	0	0	0	0	0.004728132	0	0	0	0	0	0	0	0	hg38	14	unannotated junctions	
chr7	41957299	41972336	NM_000168.6	-	SJ	5	0	0	0	0	0	0	0	0	0	0	0	0	0	0	0	0	0	0	0	0	0	GLI3			13		0.011764706	0	0	0	0	0	0	0	0	0	0	0	0	0	0	0	0	0	0	0	0	0	hg38	14	exon 13 ~ cryptic acceptor	FALSE
chr7	41957299	41977557	NM_000168.6	-	SJ	2	0	0	0	0	0	0	0	0	0	0	0	0	0	0	0	0	0	0	0	0	0	GLI3			12		0.004705882	0	0	0	0	0	0	0	0	0	0	0	0	0	0	0	0	0	0	0	0	0	hg38	14	exon 12 ~ cryptic acceptor	FALSE
chr7	41961243	42011453	NM_000168.6	-	SJ	0	0	0	0	0	0	0	0	0	0	0	1	0	0	0	0	0	0	0	0	0	0	GLI3					0	0	0	0	0	0	0	0	0	0	0	0.00330033	0	0	0	0	0	0	0	0	0	0	hg38	14	unannotated junctions	
chr7	41966224	42163258	NM_000168.6	-	SJ	0	0	0	0	0	0	0	0	0	0	0	0	0	0	0	0	0	0	0	0	1	0	GLI3					0	0	0	0	0	0	0	0	0	0	0	0	0	0	0	0	0	0	0	0	0.001296176	0	hg38	14	unannotated junctions	
chr7	41967924	41969747	NM_000168.6	-	SJ	3	0	0	0	0	0	0	0	0	0	0	0	0	0	0	0	0	0	0	0	0	0	GLI3		13			0.002559727	0	0	0	0	0	0	0	0	0	0	0	0	0	0	0	0	0	0	0	0	0	hg38	13	cryptic donor ~ exon 14	TRUE
chr7	41967924	41972336	NM_000168.6	-	SJ	867	1364	627	440	821	259	656	308	391	364	751	331	1530	534	726	382	1184	779	822	372	928	296	GLI3		13	13	canonical	0.739761092	0.745762712	0.751798561	0.701754386	0.756682028	0.710562414	0.743764172	0.7680798	0.742640076	0.820744081	0.791776489	0.795673077	0.70523162	0.817138485	0.772340426	0.800838574	0.771586836	0.732831609	0.759704251	0.715384615	0.713571703	0.743718593	hg38	13	canonical exon 13-14 splicing	TRUE
chr7	41967924	41972336	NM_000168.6	-	IR	285	448	206	182	254	105.5	220	90	133.5	78.5	191.5	81	636.5	116.5	211	90	347.5	282	256	147	354.5	102	GLI3	285	13	13	canonical	0.243174061	0.244942592	0.247002398	0.290271132	0.234101382	0.289437586	0.249433107	0.224438903	0.253561254	0.177001127	0.201897733	0.194711538	0.293385573	0.178270849	0.224468085	0.188679245	0.22645813	0.265286924	0.236598891	0.282692308	0.272587466	0.256281407	hg38	13	intron 13 retention	
chr7	41967924	41972366	NM_000168.6	-	SJ	0	4	0	0	0	0	2	0	0	0	5	0	1	0	1	0	1	2	0	0	2	0	GLI3		13			0	0.002186987	0	0	0	0	0.002267574	0	0	0	0.005271481	0	0.000460936	0	0.00106383	0	0.000651678	0.001881468	0	0	0.00153787	0	hg38	13	cryptic donor ~ exon 14	TRUE
chr7	41967924	41972419	NM_000168.6	-	SJ	0	2	0	0	0	0	0	0	0	0	1	0	0	0	0	0	0	0	0	0	0	0	GLI3		13			0	0.001093494	0	0	0	0	0	0	0	0	0.001054296	0	0	0	0	0	0	0	0	0	0	0	hg38	13	cryptic donor ~ exon 14	FALSE
chr7	41967924	41977557	NM_000168.6	-	SJ	10	10	1	4	6	0	3	3	2	0	0	3	0	1	1	5	2	0	4	1	14	0	GLI3		13	12		0.008532423	0.005467469	0.001199041	0.006379585	0.005529954	0	0.003401361	0.007481297	0.00379867	0	0	0.007211538	0	0.001530222	0.00106383	0.01048218	0.001303356	0	0.003696858	0.001923077	0.01076509	0	hg38	13	exon 13 skipping	FALSE
chr7	41967924	42023467	NM_000168.6	-	SJ	0	1	0	0	0	0	0	0	0	0	0	0	0	0	0	0	0	0	0	0	0	0	GLI3		13	10		0	0.000546747	0	0	0	0	0	0	0	0	0	0	0	0	0	0	0	0	0	0	0	0	hg38	13	exon 11-12-13 skipping	FALSE
chr7	41957299	41972336	NM_000168.6	-	SJ	5	0	0	0	0	0	0	0	0	0	0	0	0	0	0	0	0	0	0	0	0	0	GLI3			13		0.004266212	0	0	0	0	0	0	0	0	0	0	0	0	0	0	0	0	0	0	0	0	0	hg38	13	exon 13 ~ cryptic acceptor	FALSE
chr7	41966642	41972336	NM_000168.6	-	SJ	0	0	0	0	2	0	1	0	0	0	0	0	0	0	0	0	0	0	0	0	0	0	GLI3		14	13		0	0	0	0	0.001843318	0	0.001133787	0	0	0	0	0	0	0	0	0	0	0	0	0	0	0	hg38	13	exon 14 skipping	FALSE
chr7	41968459	41972336	NM_000168.6	-	SJ	0	0	0	0	0	0	0	0	0	1	0	0	2	0	0	0	0	0	0	0	1	0	GLI3			13		0	0	0	0	0	0	0	0	0	0.002254791	0	0	0.000921871	0	0	0	0	0	0	0	0.000768935	0	hg38	13	exon 13 ~ cryptic acceptor	FALSE
chr7	41552290	42370591	NM_000168.6	-	SJ	0	0	0	0	2	0	0	0	0	0	0	0	0	0	0	0	0	0	0	0	0	0	GLI3					0	0	0	0	0.001843318	0	0	0	0	0	0	0	0	0	0	0	0	0	0	0	0	0	hg38	13	unannotated junctions	
chr7	41651969	42040954	NM_000168.6	-	SJ	0	0	0	1	0	0	0	0	0	0	0	0	0	0	0	0	0	0	0	0	0	0	GLI3					0	0	0	0.001594896	0	0	0	0	0	0	0	0	0	0	0	0	0	0	0	0	0	0	hg38	13	unannotated junctions	
chr7	41951995	42132332	NM_000168.6	-	SJ	0	0	0	0	0	0	0	0	0	0	0	0	0	2	0	0	0	0	0	0	0	0	GLI3					0	0	0	0	0	0	0	0	0	0	0	0	0	0.003060444	0	0	0	0	0	0	0	0	hg38	13	unannotated junctions	
chr7	41957299	41977557	NM_000168.6	-	SJ	2	0	0	0	0	0	0	0	0	0	0	0	0	0	0	0	0	0	0	0	0	0	GLI3			12		0.001706485	0	0	0	0	0	0	0	0	0	0	0	0	0	0	0	0	0	0	0	0	0	hg38	13	exon 12 ~ cryptic acceptor	FALSE
chr7	41961243	42011453	NM_000168.6	-	SJ	0	0	0	0	0	0	0	0	0	0	0	1	0	0	0	0	0	0	0	0	0	0	GLI3					0	0	0	0	0	0	0	0	0	0	0	0.002403846	0	0	0	0	0	0	0	0	0	0	hg38	13	unannotated junctions	
chr7	41966224	42163258	NM_000168.6	-	SJ	0	0	0	0	0	0	0	0	0	0	0	0	0	0	0	0	0	0	0	0	1	0	GLI3					0	0	0	0	0	0	0	0	0	0	0	0	0	0	0	0	0	0	0	0	0.000768935	0	hg38	13	unannotated junctions	
chr7	41966642	41977557	NM_000168.6	-	SJ	0	0	0	0	0	0	0	0	0	0	0	0	0	0	1	0	0	0	0	0	0	0	GLI3		14	12		0	0	0	0	0	0	0	0	0	0	0	0	0	0	0.00106383	0	0	0	0	0	0	0	hg38	13	exon 13-14 skipping	FALSE
chr7	41972628	41973997	NM_000168.6	-	SJ	0	5	0	0	0	0	0	0	0	2	0	0	0	0	0	0	0	2	0	0	0	2	GLI3		12			0	0.003641661	0	0	0	0	0	0	0	0.005167959	0	0	0	0	0	0	0	0.003009782	0	0	0	0.007604563	hg38	12	cryptic donor ~ exon 13	FALSE
chr7	41972628	41977557	NM_000168.6	-	SJ	616	1039	507	262	634	148	455	252	272	324	479	230	1065	392	509	260	651	508	585	206	652	197	GLI3		12	12	canonical	0.780735108	0.756737072	0.772865854	0.699599466	0.781269254	0.720194647	0.757071547	0.768292683	0.762973352	0.837209302	0.828719723	0.795847751	0.707171315	0.861538462	0.817670683	0.802469136	0.783393502	0.764484575	0.770243581	0.704273504	0.721638074	0.74904943	hg38	12	canonical exon 12-13 splicing	TRUE
chr7	41972628	41977557	NM_000168.6	-	IR	157	314	148	107.5	169.5	57.5	141	73	82.5	60	95	54	440	60	111.5	55	170	154.5	170.5	79.5	235.5	64	GLI3	157	12	12	canonical	0.198986058	0.228696286	0.225609756	0.287049399	0.208872458	0.279805353	0.234608985	0.222560976	0.23141655	0.15503876	0.164359862	0.186851211	0.292164675	0.131868132	0.179116466	0.169753086	0.204572804	0.232505643	0.224489796	0.271794872	0.260653016	0.243346008	hg38	12	intron 12 retention	
chr7	41957299	41977557	NM_000168.6	-	SJ	2	0	0	0	0	0	0	0	0	0	0	0	0	0	0	0	0	0	0	0	0	0	GLI3			12		0.002534854	0	0	0	0	0	0	0	0	0	0	0	0	0	0	0	0	0	0	0	0	0	hg38	12	exon 12 ~ cryptic acceptor	FALSE
chr7	41966642	41977557	NM_000168.6	-	SJ	0	0	0	0	0	0	0	0	0	0	0	0	0	0	1	0	0	0	0	0	0	0	GLI3		14	12		0	0	0	0	0	0	0	0	0	0	0	0	0	0	0.001606426	0	0	0	0	0	0	0	hg38	12	exon 13-14 skipping	FALSE
chr7	41967924	41977557	NM_000168.6	-	SJ	10	10	1	4	6	0	3	3	2	0	0	3	0	1	1	5	2	0	4	1	14	0	GLI3		13	12		0.012674271	0.007283321	0.00152439	0.010680908	0.007393715	0	0.004991681	0.009146341	0.005610098	0	0	0.010380623	0	0.002197802	0.001606426	0.015432099	0.002406739	0	0.005266623	0.003418803	0.015495296	0	hg38	12	exon 13 skipping	FALSE
chr7	41972582	41977557	NM_000168.6	-	SJ	0	0	0	0	0	0	0	0	0	0	0	0	0	0	0	0	0	0	0	0	1	0	GLI3			12		0	0	0	0	0	0	0	0	0	0	0	0	0	0	0	0	0	0	0	0	0.001106807	0	hg38	12	exon 12 ~ cryptic acceptor	FALSE
chr7	41972603	41977557	NM_000168.6	-	SJ	0	2	0	0	0	0	0	0	0	0	0	1	0	0	0	0	0	0	0	1	0	0	GLI3			12		0	0.001456664	0	0	0	0	0	0	0	0	0	0.003460208	0	0	0	0	0	0	0	0.003418803	0	0	hg38	12	exon 12 ~ cryptic acceptor	FALSE
chr7	41974152	41977557	NM_000168.6	-	SJ	4	2	0	0	0	0	2	0	0	1	4	0	1	0	0	4	8	0	0	5	0	0	GLI3			12		0.005069708	0.001456664	0	0	0	0	0.003327787	0	0	0.002583979	0.006920415	0	0.000664011	0	0	0.012345679	0.009626955	0	0	0.017094017	0	0	hg38	12	exon 12 ~ cryptic acceptor	TRUE
chr7	41552290	42370591	NM_000168.6	-	SJ	0	0	0	0	2	0	0	0	0	0	0	0	0	0	0	0	0	0	0	0	0	0	GLI3					0	0	0	0	0.002464572	0	0	0	0	0	0	0	0	0	0	0	0	0	0	0	0	0	hg38	12	unannotated junctions	
chr7	41651969	42040954	NM_000168.6	-	SJ	0	0	0	1	0	0	0	0	0	0	0	0	0	0	0	0	0	0	0	0	0	0	GLI3					0	0	0	0.002670227	0	0	0	0	0	0	0	0	0	0	0	0	0	0	0	0	0	0	hg38	12	unannotated junctions	
chr7	41951995	42132332	NM_000168.6	-	SJ	0	0	0	0	0	0	0	0	0	0	0	0	0	2	0	0	0	0	0	0	0	0	GLI3					0	0	0	0	0	0	0	0	0	0	0	0	0	0.004395604	0	0	0	0	0	0	0	0	hg38	12	unannotated junctions	
chr7	41961243	42011453	NM_000168.6	-	SJ	0	0	0	0	0	0	0	0	0	0	0	1	0	0	0	0	0	0	0	0	0	0	GLI3					0	0	0	0	0	0	0	0	0	0	0	0.003460208	0	0	0	0	0	0	0	0	0	0	hg38	12	unannotated junctions	
chr7	41966224	42163258	NM_000168.6	-	SJ	0	0	0	0	0	0	0	0	0	0	0	0	0	0	0	0	0	0	0	0	1	0	GLI3					0	0	0	0	0	0	0	0	0	0	0	0	0	0	0	0	0	0	0	0	0.001106807	0	hg38	12	unannotated junctions	
chr7	41967924	42023467	NM_000168.6	-	SJ	0	1	0	0	0	0	0	0	0	0	0	0	0	0	0	0	0	0	0	0	0	0	GLI3		13	10		0	0.000728332	0	0	0	0	0	0	0	0	0	0	0	0	0	0	0	0	0	0	0	0	hg38	12	exon 11-12-13 skipping	FALSE
chr7	41977723	41978598	NM_000168.6	-	SJ	522	800	388	198	513	126	393	219	233	261	413	187	657	383	387	261	625	341	528	194	454	166	GLI3		11	11	canonical	0.808675445	0.806451613	0.822033898	0.725274725	0.795348837	0.754491018	0.775147929	0.802197802	0.795221843	0.852941176	0.850669413	0.829268293	0.738617201	0.885549133	0.834951456	0.846029173	0.821287779	0.788439306	0.818604651	0.756335283	0.77014419	0.775700935	hg38	11	canonical exon 11-12 splicing	TRUE
chr7	41977723	41978598	NM_000168.6	-	IR	122.5	189	84	72	129	41	112	54	59	42	71.5	36.5	225.5	46.5	74.5	47.5	135	84.5	117	62.5	130.5	48	GLI3	122.5	11	11	canonical	0.189775368	0.190524194	0.177966102	0.263736264	0.2	0.245508982	0.220907298	0.197802198	0.201365188	0.137254902	0.147270855	0.161862528	0.25351321	0.107514451	0.160733549	0.153970827	0.17739816	0.195375723	0.181395349	0.243664717	0.221374046	0.224299065	hg38	11	intron 11 retention	
chr7	41977716	41978598	NM_000168.6	-	SJ	1	2	0	2	1	0	2	0	1	3	1	1	7	1	2	0	1	7	0	0	4	0	GLI3			11		0.001549187	0.002016129	0	0.007326007	0.001550388	0	0.003944773	0	0.003412969	0.009803922	0.002059732	0.00443459	0.00786959	0.002312139	0.004314995	0	0.00131406	0.016184971	0	0	0.006785411	0	hg38	11	exon 11 ~ cryptic acceptor	FALSE
chr7	41552290	42370591	NM_000168.6	-	SJ	0	0	0	0	2	0	0	0	0	0	0	0	0	0	0	0	0	0	0	0	0	0	GLI3					0	0	0	0	0.003100775	0	0	0	0	0	0	0	0	0	0	0	0	0	0	0	0	0	hg38	11	unannotated junctions	
chr7	41651969	42040954	NM_000168.6	-	SJ	0	0	0	1	0	0	0	0	0	0	0	0	0	0	0	0	0	0	0	0	0	0	GLI3					0	0	0	0.003663004	0	0	0	0	0	0	0	0	0	0	0	0	0	0	0	0	0	0	hg38	11	unannotated junctions	
chr7	41951995	42132332	NM_000168.6	-	SJ	0	0	0	0	0	0	0	0	0	0	0	0	0	2	0	0	0	0	0	0	0	0	GLI3					0	0	0	0	0	0	0	0	0	0	0	0	0	0.004624277	0	0	0	0	0	0	0	0	hg38	11	unannotated junctions	
chr7	41961243	42011453	NM_000168.6	-	SJ	0	0	0	0	0	0	0	0	0	0	0	1	0	0	0	0	0	0	0	0	0	0	GLI3					0	0	0	0	0	0	0	0	0	0	0	0.00443459	0	0	0	0	0	0	0	0	0	0	hg38	11	unannotated junctions	
chr7	41966224	42163258	NM_000168.6	-	SJ	0	0	0	0	0	0	0	0	0	0	0	0	0	0	0	0	0	0	0	0	1	0	GLI3					0	0	0	0	0	0	0	0	0	0	0	0	0	0	0	0	0	0	0	0	0.001696353	0	hg38	11	unannotated junctions	
chr7	41967924	42023467	NM_000168.6	-	SJ	0	1	0	0	0	0	0	0	0	0	0	0	0	0	0	0	0	0	0	0	0	0	GLI3		13	10		0	0.001008065	0	0	0	0	0	0	0	0	0	0	0	0	0	0	0	0	0	0	0	0	hg38	11	exon 11-12-13 skipping	FALSE
chr7	41978749	41984575	NM_000168.6	-	SJ	0	0	0	0	0	0	0	0	0	0	0	0	0	0	0	0	0	0	0	0	1	0	GLI3		10			0	0	0	0	0	0	0	0	0	0	0	0	0	0	0	0	0	0	0	0	0.000966651	0	hg38	10	cryptic donor ~ exon 11	TRUE
chr7	41978749	41998893	NM_000168.6	-	SJ	0	1	0	0	0	0	0	0	0	0	0	0	0	1	0	0	0	0	0	0	0	0	GLI3		10			0	0.000586682	0	0	0	0	0	0	0	0	0	0	0	0.0015163	0	0	0	0	0	0	0	0	hg38	10	cryptic donor ~ exon 11	FALSE
chr7	41978749	41999994	NM_000168.6	-	SJ	1	0	0	0	0	0	0	0	0	0	0	0	0	0	0	0	0	6	0	0	0	0	GLI3		10			0.001138952	0	0	0	0	0	0	0	0	0	0	0	0	0	0	0	0	0.006575342	0	0	0	0	hg38	10	cryptic donor ~ exon 11	FALSE
chr7	41978749	42014596	NM_000168.6	-	SJ	0	0	0	0	0	0	1	0	0	0	0	0	0	0	0	0	0	0	0	0	0	0	GLI3		10			0	0	0	0	0	0	0.001324503	0	0	0	0	0	0	0	0	0	0	0	0	0	0	0	hg38	10	cryptic donor ~ exon 11	TRUE
chr7	41978749	42023467	NM_000168.6	-	SJ	662	1262	519	309	678	198	561	266	354	379	518	236	1382	536	568	274	911	652	756	255	751	289	GLI3		10	10	canonical	0.753986333	0.740393077	0.75600874	0.693602694	0.758813654	0.697183099	0.743046358	0.761087268	0.735966736	0.799578059	0.789032749	0.785357737	0.695171026	0.812736922	0.767049291	0.822822823	0.764903442	0.714520548	0.748885587	0.711297071	0.725954567	0.706601467	hg38	10	canonical exon 10-11 splicing	TRUE
chr7	41978749	42023467	NM_000168.6	-	IR	212	438.5	167.5	135.5	211.5	86	191	83.5	125	95	135.5	64.5	606	119.5	172.5	59	280	254.5	253.5	103.5	280.5	112	GLI3	212	10	10	canonical	0.241457859	0.257260194	0.24399126	0.304152637	0.236709569	0.302816901	0.252980132	0.238912732	0.25987526	0.200421941	0.206397563	0.214642263	0.304828974	0.181197877	0.232950709	0.177177177	0.235096558	0.27890411	0.251114413	0.288702929	0.271145481	0.273838631	hg38	10	intron 10 retention	
chr7	41978749	42076751	NM_000168.6	-	SJ	0	0	0	0	0	0	2	0	0	0	0	0	0	0	0	0	0	0	0	0	0	0	GLI3		10	4		0	0	0	0	0	0	0.002649007	0	0	0	0	0	0	0	0	0	0	0	0	0	0	0	hg38	10	exon 5-6-7-8-9-10 skipping	FALSE
chr7	41967924	42023467	NM_000168.6	-	SJ	0	1	0	0	0	0	0	0	0	0	0	0	0	0	0	0	0	0	0	0	0	0	GLI3		13	10		0	0.000586682	0	0	0	0	0	0	0	0	0	0	0	0	0	0	0	0	0	0	0	0	hg38	10	exon 11-12-13 skipping	FALSE
chr7	41983495	42023467	NM_000168.6	-	SJ	0	0	0	0	0	0	0	0	0	0	0	0	0	1	0	0	0	0	0	0	0	0	GLI3			10		0	0	0	0	0	0	0	0	0	0	0	0	0	0.0015163	0	0	0	0	0	0	0	0	hg38	10	exon 10 ~ cryptic acceptor	TRUE
chr7	41984143	42023467	NM_000168.6	-	SJ	2	2	0	0	0	0	0	0	2	0	3	0	0	0	0	0	0	0	0	0	1	4	GLI3			10		0.002277904	0.001173365	0	0	0	0	0	0	0.004158004	0	0.004569688	0	0	0	0	0	0	0	0	0	0.000966651	0.009779951	hg38	10	exon 10 ~ cryptic acceptor	TRUE
chr7	41999083	42023467	NM_000168.6	-	SJ	0	0	0	0	2	0	0	0	0	0	0	0	0	0	0	0	0	0	0	0	0	0	GLI3			10		0	0	0	0	0.002238388	0	0	0	0	0	0	0	0	0	0	0	0	0	0	0	0	0	hg38	10	exon 10 ~ cryptic acceptor	TRUE
chr7	42000129	42023467	NM_000168.6	-	SJ	1	0	0	0	0	0	0	0	0	0	0	0	0	0	0	0	0	0	0	0	0	0	GLI3			10		0.001138952	0	0	0	0	0	0	0	0	0	0	0	0	0	0	0	0	0	0	0	0	0	hg38	10	exon 10 ~ cryptic acceptor	FALSE
chr7	42010480	42023467	NM_000168.6	-	SJ	0	0	0	0	0	0	0	0	0	0	0	0	0	0	0	0	0	0	0	0	0	4	GLI3			10		0	0	0	0	0	0	0	0	0	0	0	0	0	0	0	0	0	0	0	0	0	0.009779951	hg38	10	exon 10 ~ cryptic acceptor	TRUE
chr7	41552290	42370591	NM_000168.6	-	SJ	0	0	0	0	2	0	0	0	0	0	0	0	0	0	0	0	0	0	0	0	0	0	GLI3					0	0	0	0	0.002238388	0	0	0	0	0	0	0	0	0	0	0	0	0	0	0	0	0	hg38	10	unannotated junctions	
chr7	41651969	42040954	NM_000168.6	-	SJ	0	0	0	1	0	0	0	0	0	0	0	0	0	0	0	0	0	0	0	0	0	0	GLI3					0	0	0	0.002244669	0	0	0	0	0	0	0	0	0	0	0	0	0	0	0	0	0	0	hg38	10	unannotated junctions	
chr7	41951995	42132332	NM_000168.6	-	SJ	0	0	0	0	0	0	0	0	0	0	0	0	0	2	0	0	0	0	0	0	0	0	GLI3					0	0	0	0	0	0	0	0	0	0	0	0	0	0.0030326	0	0	0	0	0	0	0	0	hg38	10	unannotated junctions	
chr7	41966224	42163258	NM_000168.6	-	SJ	0	0	0	0	0	0	0	0	0	0	0	0	0	0	0	0	0	0	0	0	1	0	GLI3					0	0	0	0	0	0	0	0	0	0	0	0	0	0	0	0	0	0	0	0	0.000966651	0	hg38	10	unannotated junctions	
chr7	42023609	42023989	NM_000168.6	-	SJ	0	0	0	0	0	0	1	0	0	0	0	0	0	0	0	0	0	0	0	0	0	0	GLI3		9			0	0	0	0	0	0	0.002249719	0	0	0	0	0	0	0	0	0	0	0	0	0	0	0	hg38	9	cryptic donor ~ exon 10	FALSE
chr7	42023609	42025205	NM_000168.6	-	SJ	0	0	0	0	0	0	0	0	0	1	0	0	0	0	0	0	0	0	0	0	0	0	GLI3		9			0	0	0	0	0	0	0	0	0	0.003361345	0	0	0	0	0	0	0	0	0	0	0	0	hg38	9	cryptic donor ~ exon 10	FALSE
chr7	42023609	42025263	NM_000168.6	-	SJ	382	909	405	193	436	116	332	158	218	250	286	174	934	328	410	268	595	280	482	131	480	140	GLI3		9	9	canonical	0.766298897	0.760033445	0.754892824	0.717472119	0.747855918	0.725	0.746906637	0.768856448	0.749140893	0.840336134	0.835036496	0.80369515	0.704374057	0.894952251	0.795344326	0.812121212	0.800807537	0.749665328	0.769353551	0.7100271	0.750586396	0.73878628	hg38	9	canonical exon 9-10 splicing	TRUE
chr7	42023609	42025263	NM_000168.6	-	IR	110.5	283	129.5	73	144	44	106.5	47.5	73	46.5	50.5	42.5	391	34.5	103.5	61	148	93.5	135.5	50.5	156.5	49.5	GLI3	110.5	9	9	canonical	0.221664995	0.236622074	0.24137931	0.271375465	0.246998285	0.275	0.239595051	0.231143552	0.250859107	0.156302521	0.147445255	0.19630485	0.294871795	0.094133697	0.200775946	0.184848485	0.199192463	0.250334672	0.216280926	0.273712737	0.244722439	0.26121372	hg38	9	intron 9 retention	
chr7	42023596	42025263	NM_000168.6	-	SJ	0	0	0	0	0	0	1	0	0	0	0	0	0	0	0	0	0	0	0	0	0	0	GLI3			9		0	0	0	0	0	0	0.002249719	0	0	0	0	0	0	0	0	0	0	0	0	0	0	0	hg38	9	exon 9 ~ cryptic acceptor	FALSE
chr7	42023603	42025263	NM_000168.6	-	SJ	6	4	2	2	1	0	2	0	0	0	6	0	1	2	2	1	0	0	6	2	0	0	GLI3			9		0.012036108	0.003344482	0.003727866	0.007434944	0.001715266	0	0.004499438	0	0	0	0.017518248	0	0.000754148	0.005457026	0.003879728	0.003030303	0	0	0.009577015	0.010840108	0	0	hg38	9	exon 9 ~ cryptic acceptor	TRUE
chr7	42024467	42025263	NM_000168.6	-	SJ	0	0	0	0	0	0	0	0	0	0	0	0	0	0	0	0	0	0	0	1	2	0	GLI3			9		0	0	0	0	0	0	0	0	0	0	0	0	0	0	0	0	0	0	0	0.005420054	0.003127443	0	hg38	9	exon 9 ~ cryptic acceptor	TRUE
chr7	42023676	42025263	NM_000168.6	*	SJ	0	0	0	0	0	0	0	0	0	0	0	0	0	0	0	0	0	0	3	0	0	0	GLI3			9		0	0	0	0	0	0	0	0	0	0	0	0	0	0	0	0	0	0	0.004788508	0	0	0	hg38	9	cryptic (strand unknown)	FALSE
chr7	41552290	42370591	NM_000168.6	-	SJ	0	0	0	0	2	0	0	0	0	0	0	0	0	0	0	0	0	0	0	0	0	0	GLI3					0	0	0	0	0.003430532	0	0	0	0	0	0	0	0	0	0	0	0	0	0	0	0	0	hg38	9	unannotated junctions	
chr7	41651969	42040954	NM_000168.6	-	SJ	0	0	0	1	0	0	0	0	0	0	0	0	0	0	0	0	0	0	0	0	0	0	GLI3					0	0	0	0.003717472	0	0	0	0	0	0	0	0	0	0	0	0	0	0	0	0	0	0	hg38	9	unannotated junctions	
chr7	41951995	42132332	NM_000168.6	-	SJ	0	0	0	0	0	0	0	0	0	0	0	0	0	2	0	0	0	0	0	0	0	0	GLI3					0	0	0	0	0	0	0	0	0	0	0	0	0	0.005457026	0	0	0	0	0	0	0	0	hg38	9	unannotated junctions	
chr7	41966224	42163258	NM_000168.6	-	SJ	0	0	0	0	0	0	0	0	0	0	0	0	0	0	0	0	0	0	0	0	1	0	GLI3					0	0	0	0	0	0	0	0	0	0	0	0	0	0	0	0	0	0	0	0	0.001563722	0	hg38	9	unannotated junctions	
chr7	41978749	42076751	NM_000168.6	-	SJ	0	0	0	0	0	0	2	0	0	0	0	0	0	0	0	0	0	0	0	0	0	0	GLI3		10	4		0	0	0	0	0	0	0.004499438	0	0	0	0	0	0	0	0	0	0	0	0	0	0	0	hg38	9	exon 5-6-7-8-9-10 skipping	FALSE
chr7	42025378	42026198	NM_000168.6	-	SJ	466	927	404	251	466	113	373	214	178	318	320	196	1061	357	435	261	814	312	496	193	488	138	GLI3		8	8	canonical	0.751007252	0.747279323	0.750232126	0.712056738	0.770885029	0.684848485	0.755825735	0.8	0.767241379	0.818532819	0.814249364	0.806584362	0.691655802	0.790697674	0.76048951	0.820754717	0.78156505	0.743742551	0.728875827	0.722846442	0.713450292	0.737967914	hg38	8	canonical exon 8-9 splicing	TRUE
chr7	42025378	42026198	NM_000168.6	-	IR	129.5	295.5	128.5	96.5	122.5	46	109.5	51.5	49	65.5	61	44	449	78.5	124	52	201.5	100.5	160.5	72	175	45	GLI3	129.5	8	8	canonical	0.208702659	0.238210399	0.238625812	0.273758865	0.202646816	0.278787879	0.221884498	0.192523364	0.211206897	0.168597169	0.155216285	0.181069959	0.292698827	0.173864895	0.216783217	0.163522013	0.193470955	0.239570918	0.235855988	0.269662921	0.255847953	0.240641711	hg38	8	intron 8 retention	
chr7	42025378	42026228	NM_000168.6	-	SJ	17	5	0	0	6	2	1	1	0	0	1	0	0	2	1	0	1	0	7	0	1	0	GLI3		8			0.02739726	0.004030633	0	0	0.009925558	0.012121212	0.002026342	0.003738318	0	0	0.002544529	0	0	0.004429679	0.001748252	0	0.000960154	0	0.010286554	0	0.001461988	0	hg38	8	cryptic donor ~ exon 9	TRUE
chr7	42025381	42026198	NM_000168.6	-	SJ	8	13	6	4	8	4	8	1	5	5	11	3	24	12	12	5	25	7	17	2	19	4	GLI3			8		0.012892828	0.010479645	0.011142061	0.011347518	0.013234078	0.024242424	0.01621074	0.003738318	0.021551724	0.012870013	0.027989822	0.012345679	0.015645372	0.026578073	0.020979021	0.01572327	0.024003841	0.016686532	0.024981631	0.007490637	0.027777778	0.021390374	hg38	8	exon 8 ~ cryptic acceptor	TRUE
chr7	41552290	42370591	NM_000168.6	-	SJ	0	0	0	0	2	0	0	0	0	0	0	0	0	0	0	0	0	0	0	0	0	0	GLI3					0	0	0	0	0.003308519	0	0	0	0	0	0	0	0	0	0	0	0	0	0	0	0	0	hg38	8	unannotated junctions	
chr7	41651969	42040954	NM_000168.6	-	SJ	0	0	0	1	0	0	0	0	0	0	0	0	0	0	0	0	0	0	0	0	0	0	GLI3					0	0	0	0.002836879	0	0	0	0	0	0	0	0	0	0	0	0	0	0	0	0	0	0	hg38	8	unannotated junctions	
chr7	41951995	42132332	NM_000168.6	-	SJ	0	0	0	0	0	0	0	0	0	0	0	0	0	2	0	0	0	0	0	0	0	0	GLI3					0	0	0	0	0	0	0	0	0	0	0	0	0	0.004429679	0	0	0	0	0	0	0	0	hg38	8	unannotated junctions	
chr7	41966224	42163258	NM_000168.6	-	SJ	0	0	0	0	0	0	0	0	0	0	0	0	0	0	0	0	0	0	0	0	1	0	GLI3					0	0	0	0	0	0	0	0	0	0	0	0	0	0	0	0	0	0	0	0	0.001461988	0	hg38	8	unannotated junctions	
chr7	41978749	42076751	NM_000168.6	-	SJ	0	0	0	0	0	0	2	0	0	0	0	0	0	0	0	0	0	0	0	0	0	0	GLI3		10	4		0	0	0	0	0	0	0.004052685	0	0	0	0	0	0	0	0	0	0	0	0	0	0	0	hg38	8	exon 5-6-7-8-9-10 skipping	FALSE
chr7	42026413	42028220	NM_000168.6	-	SJ	0	0	0	0	0	0	0	0	0	0	0	0	0	0	0	0	2	0	0	0	0	0	GLI3		7			0	0	0	0	0	0	0	0	0	0	0	0	0	0	0	0	0.00076864	0	0	0	0	0	hg38	7	cryptic donor ~ exon 8	TRUE
chr7	42026413	42028638	NM_000168.6	-	SJ	0	0	0	0	2	0	0	0	0	0	0	0	0	0	1	0	0	0	0	0	4	0	GLI3		7			0	0	0	0	0.001336005	0	0	0	0	0	0	0	0	0	0.000848536	0	0	0	0	0	0.002644628	0	hg38	7	cryptic donor ~ exon 8	FALSE
chr7	42026413	42031708	NM_000168.6	-	SJ	7	7	1	1	7	0	8	2	2	0	2	1	14	1	2	2	4	6	1	0	6	0	GLI3		7			0.004991087	0.002938707	0.00083022	0.001461988	0.004676019	0	0.00729927	0.003568243	0.002117522	0	0.001765225	0.001730104	0.003997716	0.001354096	0.001697073	0.003072197	0.001537279	0.003416856	0.000762486	0	0.003966942	0	hg38	7	cryptic donor ~ exon 8	FALSE
chr7	42026413	42037847	NM_000168.6	-	SJ	0	0	0	0	0	0	0	0	0	1	0	0	0	0	0	0	0	0	0	0	0	0	GLI3		7			0	0	0	0	0	0	0	0	0	0.00147167	0	0	0	0	0	0	0	0	0	0	0	0	hg38	7	cryptic donor ~ exon 8	TRUE
chr7	42026413	42040037	NM_000168.6	-	SJ	1039	1722	882	480	1087	260	785	414	689	536	866	447	2385	594	889	514	1941	1238	945	464	1062	349	GLI3		7	7	canonical	0.740819964	0.722921914	0.732254047	0.701754386	0.726118904	0.715268226	0.716240876	0.738626227	0.729486501	0.788815305	0.764342454	0.773356401	0.681039406	0.804333108	0.754348748	0.789554531	0.745964643	0.70501139	0.72054899	0.686390533	0.70214876	0.711518858	hg38	7	canonical exon 7-8 splicing	TRUE
chr7	42026413	42040037	NM_000168.6	-	IR	349.5	642	319.5	201	393	103.5	294	143.5	252.5	140.5	263	130	1089	141.5	284.5	132	648	505	362.5	212	431.5	141.5	GLI3	349.5	7	7	canonical	0.249197861	0.269521411	0.265255293	0.293859649	0.26252505	0.284731774	0.268248175	0.256021409	0.267337215	0.206769684	0.232127096	0.224913495	0.310965163	0.191604604	0.24140857	0.202764977	0.249039201	0.287585421	0.276401067	0.313609467	0.285289256	0.288481142	hg38	7	intron 7 retention	
chr7	42026413	42045383	NM_000168.6	-	SJ	0	0	0	0	0	0	0	1	0	1	0	0	0	0	0	0	0	0	0	0	0	0	GLI3		7	6		0	0	0	0	0	0	0	0.001784121	0	0.00147167	0	0	0	0	0	0	0	0	0	0	0	0	hg38	7	exon 7 skipping	TRUE
chr7	42026413	42076751	NM_000168.6	-	SJ	2	1	0	0	1	0	0	0	1	0	0	0	2	0	0	2	1	2	1	0	3	0	GLI3		7	4		0.001426025	0.000419815	0	0	0.000668003	0	0	0	0.001058761	0	0	0	0.000571102	0	0	0.003072197	0.00038432	0.001138952	0.000762486	0	0.001983471	0	hg38	7	exon 5-6-7 skipping	TRUE
chr7	42026413	42223129	NM_000168.6	-	SJ	0	1	0	0	0	0	0	0	0	0	0	0	0	0	0	0	0	0	0	0	0	0	GLI3		7	2		0	0.000419815	0	0	0	0	0	0	0	0	0	0	0	0	0	0	0	0	0	0	0	0	hg38	7	exon 3-4-5-6-7 skipping	FALSE
chr7	42026413	42237498	NM_000168.6	-	SJ	0	0	0	0	0	0	0	0	0	0	0	0	0	0	0	0	2	0	0	0	0	0	GLI3		7			0	0	0	0	0	0	0	0	0	0	0	0	0	0	0	0	0.00076864	0	0	0	0	0	hg38	7	cryptic donor ~ exon 8	FALSE
chr7	42028737	42040037	NM_000168.6	-	SJ	0	0	0	0	1	0	0	0	0	0	0	0	0	0	0	0	0	0	0	0	1	0	GLI3			7		0	0	0	0	0.000668003	0	0	0	0	0	0	0	0	0	0	0	0	0	0	0	0.000661157	0	hg38	7	exon 7 ~ cryptic acceptor	FALSE
chr7	42029247	42040037	NM_000168.6	-	SJ	0	0	0	0	0	0	0	0	0	0	0	0	0	0	0	0	0	2	0	0	0	0	GLI3			7		0	0	0	0	0	0	0	0	0	0	0	0	0	0	0	0	0	0.001138952	0	0	0	0	hg38	7	exon 7 ~ cryptic acceptor	FALSE
chr7	42031770	42040037	NM_000168.6	-	SJ	3	3	2	1	4	0	5	0	0	0	2	0	8	0	2	1	4	3	2	0	2	0	GLI3			7		0.002139037	0.001259446	0.00166044	0.001461988	0.002672011	0	0.004562044	0	0	0	0.001765225	0	0.002284409	0	0.001697073	0.001536098	0.001537279	0.001708428	0.001524971	0	0.001322314	0	hg38	7	exon 7 ~ cryptic acceptor	FALSE
chr7	42037893	42040037	NM_000168.6	-	SJ	0	0	0	0	0	0	0	0	0	1	0	0	0	0	0	0	0	0	0	0	0	0	GLI3			7		0	0	0	0	0	0	0	0	0	0.00147167	0	0	0	0	0	0	0	0	0	0	0	0	hg38	7	exon 7 ~ cryptic acceptor	FALSE
chr7	42037984	42040037	NM_000168.6	-	SJ	0	0	0	0	0	0	0	0	0	0	0	0	4	0	0	0	0	0	0	0	0	0	GLI3			7		0	0	0	0	0	0	0	0	0	0	0	0	0.001142204	0	0	0	0	0	0	0	0	0	hg38	7	exon 7 ~ cryptic acceptor	TRUE
chr7	42038649	42040037	NM_000168.6	-	SJ	2	6	0	0	0	0	2	0	0	0	0	0	0	0	0	0	0	0	0	0	0	0	GLI3			7		0.001426025	0.002518892	0	0	0	0	0.001824818	0	0	0	0	0	0	0	0	0	0	0	0	0	0	0	hg38	7	exon 7 ~ cryptic acceptor	FALSE
chr7	42039669	42040037	NM_000168.6	-	SJ	0	0	0	0	0	0	0	0	0	0	0	0	0	0	0	0	0	0	0	0	2	0	GLI3			7		0	0	0	0	0	0	0	0	0	0	0	0	0	0	0	0	0	0	0	0	0.001322314	0	hg38	7	exon 7 ~ cryptic acceptor	FALSE
chr7	41552290	42370591	NM_000168.6	-	SJ	0	0	0	0	2	0	0	0	0	0	0	0	0	0	0	0	0	0	0	0	0	0	GLI3					0	0	0	0	0.001336005	0	0	0	0	0	0	0	0	0	0	0	0	0	0	0	0	0	hg38	7	unannotated junctions	
chr7	41651969	42040954	NM_000168.6	-	SJ	0	0	0	1	0	0	0	0	0	0	0	0	0	0	0	0	0	0	0	0	0	0	GLI3					0	0	0	0.001461988	0	0	0	0	0	0	0	0	0	0	0	0	0	0	0	0	0	0	hg38	7	unannotated junctions	
chr7	41951995	42132332	NM_000168.6	-	SJ	0	0	0	0	0	0	0	0	0	0	0	0	0	2	0	0	0	0	0	0	0	0	GLI3					0	0	0	0	0	0	0	0	0	0	0	0	0	0.002708192	0	0	0	0	0	0	0	0	hg38	7	unannotated junctions	
chr7	41966224	42163258	NM_000168.6	-	SJ	0	0	0	0	0	0	0	0	0	0	0	0	0	0	0	0	0	0	0	0	1	0	GLI3					0	0	0	0	0	0	0	0	0	0	0	0	0	0	0	0	0	0	0	0	0.000661157	0	hg38	7	unannotated junctions	
chr7	41978749	42076751	NM_000168.6	-	SJ	0	0	0	0	0	0	2	0	0	0	0	0	0	0	0	0	0	0	0	0	0	0	GLI3		10	4		0	0	0	0	0	0	0.001824818	0	0	0	0	0	0	0	0	0	0	0	0	0	0	0	hg38	7	exon 5-6-7-8-9-10 skipping	FALSE
chr7	42040240	42045383	NM_000168.6	-	SJ	651	1190	527	350	740	224	568	281	400	330	602	314	1211	508	579	366	973	516	748	290	842	348	GLI3		6	6	canonical	0.774078478	0.751737208	0.765432099	0.706357215	0.755102041	0.709984152	0.758851035	0.751336898	0.751879699	0.817843866	0.796296296	0.805128205	0.699393589	0.832786885	0.803608605	0.834663626	0.79170057	0.748368383	0.755555556	0.700483092	0.734409071	0.728795812	hg38	6	canonical exon 6-7 splicing	TRUE
chr7	42040240	42045383	NM_000168.6	-	IR	188	389	159.5	143.5	233	90.5	177.5	90	131	72.5	149	75	513.5	100	141.5	68.5	246	169.5	241	123	299.5	129.5	GLI3	188	6	6	canonical	0.223543401	0.245735944	0.231663036	0.289606458	0.237755102	0.286846276	0.237140949	0.240641711	0.246240602	0.179677819	0.197089947	0.192307692	0.296563673	0.163934426	0.196391395	0.156214367	0.200162734	0.245830312	0.243434343	0.297101449	0.26122983	0.271204188	hg38	6	intron 6 retention	
chr7	42040240	42048490	NM_000168.6	-	SJ	0	2	2	2	2	1	0	2	0	0	5	0	0	0	0	2	7	2	0	0	1	0	GLI3		6	5		0	0.001263424	0.002904866	0.004036327	0.002040816	0.003169572	0	0.005347594	0	0	0.006613757	0	0	0	0	0.004561003	0.005695688	0.002900653	0	0	0.00087222	0	hg38	6	exon 6 skipping	FALSE
chr7	42040240	42076751	NM_000168.6	-	SJ	0	0	0	0	2	0	1	0	0	0	0	1	5	0	0	0	0	0	0	1	0	0	GLI3		6	4		0	0	0	0	0.002040816	0	0.001336005	0	0	0	0	0.002564103	0.00288767	0	0	0	0	0	0	0.002415459	0	0	hg38	6	exon 5-6 skipping	TRUE
chr7	42026413	42045383	NM_000168.6	-	SJ	0	0	0	0	0	0	0	1	0	1	0	0	0	0	0	0	0	0	0	0	0	0	GLI3		7	6		0	0	0	0	0	0	0	0.002673797	0	0.002478315	0	0	0	0	0	0	0	0	0	0	0	0	hg38	6	exon 7 skipping	TRUE
chr7	41552290	42370591	NM_000168.6	-	SJ	0	0	0	0	2	0	0	0	0	0	0	0	0	0	0	0	0	0	0	0	0	0	GLI3					0	0	0	0	0.002040816	0	0	0	0	0	0	0	0	0	0	0	0	0	0	0	0	0	hg38	6	unannotated junctions	
chr7	41951995	42132332	NM_000168.6	-	SJ	0	0	0	0	0	0	0	0	0	0	0	0	0	2	0	0	0	0	0	0	0	0	GLI3					0	0	0	0	0	0	0	0	0	0	0	0	0	0.003278689	0	0	0	0	0	0	0	0	hg38	6	unannotated junctions	
chr7	41966224	42163258	NM_000168.6	-	SJ	0	0	0	0	0	0	0	0	0	0	0	0	0	0	0	0	0	0	0	0	1	0	GLI3					0	0	0	0	0	0	0	0	0	0	0	0	0	0	0	0	0	0	0	0	0.00087222	0	hg38	6	unannotated junctions	
chr7	41978749	42076751	NM_000168.6	-	SJ	0	0	0	0	0	0	2	0	0	0	0	0	0	0	0	0	0	0	0	0	0	0	GLI3		10	4		0	0	0	0	0	0	0.002672011	0	0	0	0	0	0	0	0	0	0	0	0	0	0	0	hg38	6	exon 5-6-7-8-9-10 skipping	FALSE
chr7	42026413	42076751	NM_000168.6	-	SJ	2	1	0	0	1	0	0	0	1	0	0	0	2	0	0	2	1	2	1	0	3	0	GLI3		7	4		0.002378121	0.000631712	0	0	0.001020408	0	0	0	0.001879699	0	0	0	0.001155068	0	0	0.004561003	0.00081367	0.002900653	0.001010101	0	0.002616659	0	hg38	6	exon 5-6-7 skipping	TRUE
chr7	42026413	42223129	NM_000168.6	-	SJ	0	1	0	0	0	0	0	0	0	0	0	0	0	0	0	0	0	0	0	0	0	0	GLI3		7	2		0	0.000631712	0	0	0	0	0	0	0	0	0	0	0	0	0	0	0	0	0	0	0	0	hg38	6	exon 3-4-5-6-7 skipping	FALSE
chr7	42026413	42237498	NM_000168.6	-	SJ	0	0	0	0	0	0	0	0	0	0	0	0	0	0	0	0	2	0	0	0	0	0	GLI3		7			0	0	0	0	0	0	0	0	0	0	0	0	0	0	0	0	0.001627339	0	0	0	0	0	hg38	6	cryptic donor ~ exon 8	FALSE
chr7	42045531	42048490	NM_000168.6	-	SJ	454	797	365	200	476	125	373	165	224	292	391	189	639	423	469	278	696	271	508	190	434	154	GLI3		5	5	canonical	0.805678793	0.782139352	0.779082177	0.702987698	0.782251438	0.724637681	0.800429185	0.795180723	0.816029144	0.863905325	0.851851852	0.863013699	0.706077348	0.886792453	0.828621908	0.829850746	0.832038255	0.801775148	0.779739064	0.71969697	0.767462423	0.751219512	hg38	5	canonical exon 5-6 splicing	TRUE
chr7	42045531	42048490	NM_000168.6	-	IR	106.5	218	101.5	82.5	125.5	46.5	90	40.5	49.5	46	63	29	259	52	97	53	130.5	63	142.5	73	126.5	51	GLI3	106.5	5	5	canonical	0.188997338	0.213935231	0.216648879	0.289982425	0.206244864	0.269565217	0.193133047	0.195180723	0.180327869	0.136094675	0.137254902	0.132420091	0.286187845	0.109014675	0.171378092	0.158208955	0.156007173	0.186390533	0.218726017	0.276515152	0.223695844	0.248780488	hg38	5	intron 5 retention	
chr7	42040240	42048490	NM_000168.6	-	SJ	0	2	2	2	2	1	0	2	0	0	5	0	0	0	0	2	7	2	0	0	1	0	GLI3		6	5		0	0.001962709	0.004268943	0.007029877	0.003286771	0.005797101	0	0.009638554	0	0	0.010893246	0	0	0	0	0.005970149	0.008368201	0.00591716	0	0	0.001768347	0	hg38	5	exon 6 skipping	FALSE
chr7	42045519	42048490	NM_000168.6	-	SJ	1	0	0	0	0	0	0	0	0	0	0	0	0	0	0	0	0	0	0	0	0	0	GLI3			5		0.001774623	0	0	0	0	0	0	0	0	0	0	0	0	0	0	0	0	0	0	0	0	0	hg38	5	exon 5 ~ cryptic acceptor	TRUE
chr7	41552290	42370591	NM_000168.6	-	SJ	0	0	0	0	2	0	0	0	0	0	0	0	0	0	0	0	0	0	0	0	0	0	GLI3					0	0	0	0	0.003286771	0	0	0	0	0	0	0	0	0	0	0	0	0	0	0	0	0	hg38	5	unannotated junctions	
chr7	41951995	42132332	NM_000168.6	-	SJ	0	0	0	0	0	0	0	0	0	0	0	0	0	2	0	0	0	0	0	0	0	0	GLI3					0	0	0	0	0	0	0	0	0	0	0	0	0	0.004192872	0	0	0	0	0	0	0	0	hg38	5	unannotated junctions	
chr7	41966224	42163258	NM_000168.6	-	SJ	0	0	0	0	0	0	0	0	0	0	0	0	0	0	0	0	0	0	0	0	1	0	GLI3					0	0	0	0	0	0	0	0	0	0	0	0	0	0	0	0	0	0	0	0	0.001768347	0	hg38	5	unannotated junctions	
chr7	41978749	42076751	NM_000168.6	-	SJ	0	0	0	0	0	0	2	0	0	0	0	0	0	0	0	0	0	0	0	0	0	0	GLI3		10	4		0	0	0	0	0	0	0.004291845	0	0	0	0	0	0	0	0	0	0	0	0	0	0	0	hg38	5	exon 5-6-7-8-9-10 skipping	FALSE
chr7	42026413	42076751	NM_000168.6	-	SJ	2	1	0	0	1	0	0	0	1	0	0	0	2	0	0	2	1	2	1	0	3	0	GLI3		7	4		0.003549246	0.000981354	0	0	0.001643385	0	0	0	0.003642987	0	0	0	0.002209945	0	0	0.005970149	0.001195457	0.00591716	0.001534919	0	0.00530504	0	hg38	5	exon 5-6-7 skipping	TRUE
chr7	42026413	42223129	NM_000168.6	-	SJ	0	1	0	0	0	0	0	0	0	0	0	0	0	0	0	0	0	0	0	0	0	0	GLI3		7	2		0	0.000981354	0	0	0	0	0	0	0	0	0	0	0	0	0	0	0	0	0	0	0	0	hg38	5	exon 3-4-5-6-7 skipping	FALSE
chr7	42026413	42237498	NM_000168.6	-	SJ	0	0	0	0	0	0	0	0	0	0	0	0	0	0	0	0	2	0	0	0	0	0	GLI3		7			0	0	0	0	0	0	0	0	0	0	0	0	0	0	0	0	0.002390915	0	0	0	0	0	hg38	5	cryptic donor ~ exon 8	FALSE
chr7	42040240	42076751	NM_000168.6	-	SJ	0	0	0	0	2	0	1	0	0	0	0	1	5	0	0	0	0	0	0	1	0	0	GLI3		6	4		0	0	0	0	0.003286771	0	0.002145923	0	0	0	0	0.00456621	0.005524862	0	0	0	0	0	0	0.003787879	0	0	hg38	5	exon 5-6 skipping	TRUE
chr7	42048697	42052212	NM_000168.6	-	SJ	0	2	0	0	0	0	2	0	0	0	0	0	4	0	0	0	0	0	0	0	0	0	GLI3		4			0	0.001046846	0	0	0	0	0.002304147	0	0	0	0	0	0.001823154	0	0	0	0	0	0	0	0	0	hg38	4	cryptic donor ~ exon 5	FALSE
chr7	42048697	42052939	NM_000168.6	-	SJ	2	2	2	0	0	0	0	0	0	0	0	0	1	0	0	0	0	4	0	1	1	0	GLI3		4			0.001724881	0.001046846	0.002223457	0	0	0	0	0	0	0	0	0	0.000455789	0	0	0	0	0.004221636	0	0.002296211	0.000807103	0	hg38	4	cryptic donor ~ exon 5	FALSE
chr7	42048697	42060417	NM_000168.6	-	SJ	0	0	2	0	3	0	0	0	0	2	0	0	0	0	0	0	2	0	0	0	0	0	GLI3		4			0	0	0.002223457	0	0.002166847	0	0	0	0	0.004301075	0	0	0	0	0	0	0.001071237	0	0	0	0	0	hg38	4	cryptic donor ~ exon 5	FALSE
chr7	42048697	42071803	NM_000168.6	-	SJ	0	0	0	0	2	0	0	0	0	0	0	0	0	0	2	0	0	0	0	0	0	0	GLI3		4			0	0	0	0	0.001444565	0	0	0	0	0	0	0	0	0	0.002326934	0	0	0	0	0	0	0	hg38	4	cryptic donor ~ exon 5	FALSE
chr7	42048697	42075695	NM_000168.6	-	SJ	1	3	0	1	5	0	0	0	0	3	0	0	1	0	0	0	0	1	1	0	0	0	GLI3		4			0.000862441	0.00157027	0	0.001438849	0.003611412	0	0	0	0	0.006451613	0	0	0.000455789	0	0	0	0	0.001055409	0.000877578	0	0	0	hg38	4	cryptic donor ~ exon 5	TRUE
chr7	42048697	42076751	NM_000168.6	-	SJ	849	1369	660	476	1011	222	637	354	423	369	583	360	1491	503	670	367	1406	672	834	300	863	242	GLI3		4	4	canonical	0.73221216	0.716566344	0.733740967	0.684892086	0.730227519	0.692667707	0.733870968	0.746048472	0.70735786	0.793548387	0.784656797	0.756302521	0.679580675	0.800955414	0.779522978	0.79956427	0.753079807	0.709234828	0.731899956	0.688863375	0.696529459	0.690442225	hg38	4	canonical exon 4-5 splicing	TRUE
chr7	42048697	42076751	NM_000168.6	-	IR	299.5	516.5	232.5	214	349.5	94.5	226	118.5	173	84	158	110	678	121	181.5	89	452	266.5	300.5	129.5	362	102.5	GLI3	299.5	4	4	canonical	0.258300992	0.270348076	0.258476932	0.307913669	0.252437703	0.294851794	0.260368664	0.249736565	0.289297659	0.180645161	0.212651413	0.231092437	0.309024613	0.192675159	0.211169284	0.193899782	0.242099625	0.281266491	0.263712154	0.297359357	0.292171106	0.292439372	hg38	4	intron 4 retention	
chr7	42048697	42148225	NM_000168.6	-	SJ	3	3	1	2	1	2	0	0	0	1	2	5	4	2	4	1	4	0	2	4	3	0	GLI3		4	3		0.002587322	0.00157027	0.001111729	0.002877698	0.000722282	0.00624025	0	0	0	0.002150538	0.00269179	0.010504202	0.001823154	0.003184713	0.004653869	0.002178649	0.002142475	0	0.001755156	0.009184845	0.002421308	0	hg38	4	exon 4 skipping	FALSE
chr7	42048697	42223129	NM_000168.6	-	SJ	0	0	0	0	0	2	0	0	0	0	0	0	4	0	0	0	0	0	0	0	0	0	GLI3		4	2		0	0	0	0	0	0.00624025	0	0	0	0	0	0	0.001823154	0	0	0	0	0	0	0	0	0	hg38	4	exon 3-4 skipping	FALSE
chr7	41978749	42076751	NM_000168.6	-	SJ	0	0	0	0	0	0	2	0	0	0	0	0	0	0	0	0	0	0	0	0	0	0	GLI3		10	4		0	0	0	0	0	0	0.002304147	0	0	0	0	0	0	0	0	0	0	0	0	0	0	0	hg38	4	exon 5-6-7-8-9-10 skipping	FALSE
chr7	42026413	42076751	NM_000168.6	-	SJ	2	1	0	0	1	0	0	0	1	0	0	0	2	0	0	2	1	2	1	0	3	0	GLI3		7	4		0.001724881	0.000523423	0	0	0.000722282	0	0	0	0.001672241	0	0	0	0.000911577	0	0	0.004357298	0.000535619	0.002110818	0.000877578	0	0.002421308	0	hg38	4	exon 5-6-7 skipping	TRUE
chr7	42040240	42076751	NM_000168.6	-	SJ	0	0	0	0	2	0	1	0	0	0	0	1	5	0	0	0	0	0	0	1	0	0	GLI3		6	4		0	0	0	0	0.001444565	0	0.001152074	0	0	0	0	0.00210084	0.002278943	0	0	0	0	0	0	0.002296211	0	0	hg38	4	exon 5-6 skipping	TRUE
chr7	42048679	42076751	NM_000168.6	-	SJ	0	0	0	0	2	0	0	0	0	0	0	0	0	0	0	0	0	0	0	0	0	0	GLI3			4		0	0	0	0	0.001444565	0	0	0	0	0	0	0	0	0	0	0	0	0	0	0	0	0	hg38	4	exon 4 ~ cryptic acceptor	TRUE
chr7	42052396	42076751	NM_000168.6	-	SJ	2	0	0	0	0	0	0	0	0	0	0	0	0	0	0	0	0	0	0	0	0	0	GLI3			4		0.001724881	0	0	0	0	0	0	0	0	0	0	0	0	0	0	0	0	0	0	0	0	0	hg38	4	exon 4 ~ cryptic acceptor	TRUE
chr7	42053328	42076751	NM_000168.6	-	SJ	0	9	2	1	0	0	0	0	1	2	0	0	3	0	0	0	0	1	0	0	2	4	GLI3			4		0	0.004710809	0.002223457	0.001438849	0	0	0	0	0.001672241	0.004301075	0	0	0.001367366	0	0	0	0	0.001055409	0	0	0.001614205	0.011412268	hg38	4	exon 4 ~ cryptic acceptor	FALSE
chr7	42056980	42076751	NM_000168.6	-	SJ	0	0	0	0	2	0	0	2	0	0	0	0	0	0	2	0	0	0	0	0	0	0	GLI3			4		0	0	0	0	0.001444565	0	0	0.004214963	0	0	0	0	0	0	0.002326934	0	0	0	0	0	0	0	hg38	4	exon 4 ~ cryptic acceptor	TRUE
chr7	42060531	42076751	NM_000168.6	-	SJ	0	0	0	0	0	0	0	0	0	2	0	0	0	0	0	0	0	0	0	0	0	0	GLI3			4		0	0	0	0	0	0	0	0	0	0.004301075	0	0	0	0	0	0	0	0	0	0	0	0	hg38	4	exon 4 ~ cryptic acceptor	FALSE
chr7	42074432	42076751	NM_000168.6	-	SJ	0	0	0	0	0	0	0	0	0	0	0	0	0	0	0	0	0	0	0	0	4	2	GLI3			4		0	0	0	0	0	0	0	0	0	0	0	0	0	0	0	0	0	0	0	0	0.00322841	0.005706134	hg38	4	exon 4 ~ cryptic acceptor	FALSE
chr7	42075753	42076751	NM_000168.6	-	SJ	1	4	0	1	4	0	0	0	0	2	0	0	1	0	0	0	0	1	1	0	0	0	GLI3			4		0.000862441	0.002093693	0	0.001438849	0.00288913	0	0	0	0	0.004301075	0	0	0.000455789	0	0	0	0	0.001055409	0.000877578	0	0	0	hg38	4	exon 4 ~ cryptic acceptor	FALSE
chr7	41552290	42370591	NM_000168.6	-	SJ	0	0	0	0	2	0	0	0	0	0	0	0	0	0	0	0	0	0	0	0	0	0	GLI3					0	0	0	0	0.001444565	0	0	0	0	0	0	0	0	0	0	0	0	0	0	0	0	0	hg38	4	unannotated junctions	
chr7	41951995	42132332	NM_000168.6	-	SJ	0	0	0	0	0	0	0	0	0	0	0	0	0	2	0	0	0	0	0	0	0	0	GLI3					0	0	0	0	0	0	0	0	0	0	0	0	0	0.003184713	0	0	0	0	0	0	0	0	hg38	4	unannotated junctions	
chr7	41966224	42163258	NM_000168.6	-	SJ	0	0	0	0	0	0	0	0	0	0	0	0	0	0	0	0	0	0	0	0	1	0	GLI3					0	0	0	0	0	0	0	0	0	0	0	0	0	0	0	0	0	0	0	0	0.000807103	0	hg38	4	unannotated junctions	
chr7	42026413	42223129	NM_000168.6	-	SJ	0	1	0	0	0	0	0	0	0	0	0	0	0	0	0	0	0	0	0	0	0	0	GLI3		7	2		0	0.000523423	0	0	0	0	0	0	0	0	0	0	0	0	0	0	0	0	0	0	0	0	hg38	4	exon 3-4-5-6-7 skipping	FALSE
chr7	42026413	42237498	NM_000168.6	-	SJ	0	0	0	0	0	0	0	0	0	0	0	0	0	0	0	0	2	0	0	0	0	0	GLI3		7			0	0	0	0	0	0	0	0	0	0	0	0	0	0	0	0	0.001071237	0	0	0	0	0	hg38	4	cryptic donor ~ exon 8	FALSE
chr7	42076858	42079590	NM_000168.6	-	SJ	0	0	0	0	0	0	6	0	0	0	0	0	0	0	0	0	0	0	0	0	0	0	GLI3		3			0	0	0	0	0	0	0.009280742	0	0	0	0	0	0	0	0	0	0	0	0	0	0	0	hg38	3	cryptic donor ~ exon 4	FALSE
chr7	42076858	42080770	NM_000168.6	-	SJ	0	7	6	0	0	2	0	0	0	0	4	6	0	0	2	0	0	1	0	0	0	0	GLI3		3			0	0.005907173	0.009174312	0	0	0.008438819	0	0	0	0	0.006779661	0.01793722	0	0	0.002392344	0	0	0.00170068	0	0	0	0	hg38	3	cryptic donor ~ exon 4	TRUE
chr7	42076858	42084486	NM_000168.6	-	SJ	0	0	1	0	0	0	0	0	0	0	0	0	0	0	0	0	0	0	0	0	0	0	GLI3		3			0	0	0.001529052	0	0	0	0	0	0	0	0	0	0	0	0	0	0	0	0	0	0	0	hg38	3	cryptic donor ~ exon 4	FALSE
chr7	42076858	42085694	NM_000168.6	-	SJ	2	0	0	0	0	0	0	0	0	0	0	0	0	0	0	0	0	0	0	0	0	0	GLI3		3			0.002350176	0	0	0	0	0	0	0	0	0	0	0	0	0	0	0	0	0	0	0	0	0	hg38	3	cryptic donor ~ exon 4	FALSE
chr7	42076858	42099860	NM_000168.6	-	SJ	0	1	0	0	0	0	0	0	0	0	0	0	0	0	0	0	0	0	0	0	0	0	GLI3		3			0	0.000843882	0	0	0	0	0	0	0	0	0	0	0	0	0	0	0	0	0	0	0	0	hg38	3	cryptic donor ~ exon 4	FALSE
chr7	42076858	42103018	NM_000168.6	-	SJ	0	0	0	0	0	0	0	0	1	0	0	0	0	0	0	0	0	0	0	0	0	0	GLI3		3			0	0	0	0	0	0	0	0	0.002645503	0	0	0	0	0	0	0	0	0	0	0	0	0	hg38	3	cryptic donor ~ exon 4	TRUE
chr7	42076858	42105968	NM_000168.6	-	SJ	1	1	0	0	0	0	0	0	0	0	0	0	0	0	0	0	0	1	0	0	0	0	GLI3		3			0.001175088	0.000843882	0	0	0	0	0	0	0	0	0	0	0	0	0	0	0	0.00170068	0	0	0	0	hg38	3	cryptic donor ~ exon 4	FALSE
chr7	42076858	42107055	NM_000168.6	-	SJ	0	0	0	0	0	0	0	0	1	0	0	0	0	0	0	0	0	0	0	0	0	0	GLI3		3			0	0	0	0	0	0	0	0	0.002645503	0	0	0	0	0	0	0	0	0	0	0	0	0	hg38	3	cryptic donor ~ exon 4	FALSE
chr7	42076858	42116450	NM_000168.6	-	SJ	0	0	0	0	2	0	0	0	0	0	0	0	0	0	0	0	0	0	0	0	0	0	GLI3		3			0	0	0	0	0.001932367	0	0	0	0	0	0	0	0	0	0	0	0	0	0	0	0	0	hg38	3	cryptic donor ~ exon 4	FALSE
chr7	42076858	42129510	NM_000168.6	-	SJ	0	0	0	2	0	0	0	0	0	0	0	0	8	0	0	0	0	0	4	0	2	0	GLI3		3			0	0	0	0.004807692	0	0	0	0	0	0	0	0	0.005092298	0	0	0	0	0	0.004884005	0	0.003046458	0	hg38	3	cryptic donor ~ exon 4	FALSE
chr7	42076858	42145437	NM_000168.6	-	SJ	0	4	0	0	5	0	0	0	0	0	3	2	5	1	3	0	0	0	1	0	0	1	GLI3		3			0	0.003375527	0	0	0.004830918	0	0	0	0	0	0.005084746	0.005979073	0.003182686	0.002059732	0.003588517	0	0	0	0.001221001	0	0	0.003992016	hg38	3	cryptic donor ~ exon 4	FALSE
chr7	42076858	42148225	NM_000168.6	-	SJ	649	873	488	293	770	170	470	326	279	315	477	256	1077	408	658	344	1152	424	618	234	467	174	GLI3		3	3	canonical	0.762632197	0.736708861	0.74617737	0.704326923	0.743961353	0.717299578	0.726991493	0.739229025	0.738095238	0.84	0.808474576	0.765321375	0.685550605	0.840370752	0.78708134	0.785388128	0.795031056	0.721088435	0.754578755	0.692307692	0.711348058	0.694610778	hg38	3	canonical exon 3-4 splicing	TRUE
chr7	42076858	42148225	NM_000168.6	-	IR	181	278	148	111	231	58	152.5	106	86	52	91	55.5	447	69.5	161	88	284	151	189	93	156.5	63.5	GLI3	181	3	3	canonical	0.212690952	0.234599156	0.226299694	0.266826923	0.223188406	0.244725738	0.235885538	0.240362812	0.227513228	0.138666667	0.154237288	0.165919283	0.284532145	0.14315139	0.192583732	0.200913242	0.195997239	0.256802721	0.230769231	0.275147929	0.238385377	0.253493014	hg38	3	intron 3 retention	
chr7	42076858	42219539	NM_000168.6	-	SJ	2	0	0	0	0	0	0	0	0	0	0	0	0	0	0	0	0	0	0	0	0	0	GLI3		3			0.002350176	0	0	0	0	0	0	0	0	0	0	0	0	0	0	0	0	0	0	0	0	0	hg38	3	cryptic donor ~ exon 4	FALSE
chr7	42076858	42223129	NM_000168.6	-	SJ	10	10	9	4	14	2	16	3	6	3	10	6	12	2	3	3	5	11	3	5	19	10	GLI3		3	2		0.011750881	0.008438819	0.013761468	0.009615385	0.01352657	0.008438819	0.024748647	0.006802721	0.015873016	0.008	0.016949153	0.01793722	0.007638447	0.004119464	0.003588517	0.006849315	0.003450656	0.018707483	0.003663004	0.014792899	0.028941356	0.03992016	hg38	3	exon 3 skipping	TRUE
chr7	42076858	42236970	NM_000168.6	-	SJ	1	0	0	0	0	0	0	0	0	0	0	0	0	0	0	0	0	0	0	1	0	0	GLI3		3	1		0.001175088	0	0	0	0	0	0	0	0	0	0	0	0	0	0	0	0	0	0	0.00295858	0	0	hg38	3	exon 2-3 skipping	FALSE
chr7	42076858	42237783	NM_000168.6	-	SJ	0	0	0	0	0	0	0	1	0	0	0	0	0	0	0	0	0	0	0	0	0	0	GLI3		3			0	0	0	0	0	0	0	0.002267574	0	0	0	0	0	0	0	0	0	0	0	0	0	0	hg38	3	cryptic donor ~ exon 4	FALSE
chr7	42048697	42148225	NM_000168.6	-	SJ	3	3	1	2	1	2	0	0	0	1	2	5	4	2	4	1	4	0	2	4	3	0	GLI3		4	3		0.003525264	0.002531646	0.001529052	0.004807692	0.000966184	0.008438819	0	0	0	0.002666667	0.003389831	0.014947683	0.002546149	0.004119464	0.004784689	0.002283105	0.002760524	0	0.002442002	0.01183432	0.004569688	0	hg38	3	exon 4 skipping	FALSE
chr7	42084586	42148225	NM_000168.6	-	SJ	0	0	1	2	0	0	0	0	0	2	1	0	0	0	0	0	0	0	2	0	0	0	GLI3			3		0	0	0.001529052	0.004807692	0	0	0	0	0	0.005333333	0.001694915	0	0	0	0	0	0	0	0.002442002	0	0	0	hg38	3	exon 3 ~ cryptic acceptor	TRUE
chr7	42086360	42148225	NM_000168.6	-	SJ	0	0	0	0	3	0	0	0	0	0	0	0	0	0	0	0	0	0	0	0	0	0	GLI3			3		0	0	0	0	0.002898551	0	0	0	0	0	0	0	0	0	0	0	0	0	0	0	0	0	hg38	3	exon 3 ~ cryptic acceptor	FALSE
chr7	42107319	42148225	NM_000168.6	-	SJ	0	1	0	0	0	0	0	0	0	0	0	0	0	0	0	0	0	0	0	0	6	0	GLI3			3		0	0.000843882	0	0	0	0	0	0	0	0	0	0	0	0	0	0	0	0	0	0	0.009139375	0	hg38	3	exon 3 ~ cryptic acceptor	FALSE
chr7	42116478	42148225	NM_000168.6	-	SJ	0	0	0	0	2	0	0	0	0	0	0	0	0	0	0	0	0	0	0	1	0	0	GLI3			3		0	0	0	0	0.001932367	0	0	0	0	0	0	0	0	0	0	0	0	0	0	0.00295858	0	0	hg38	3	exon 3 ~ cryptic acceptor	FALSE
chr7	42129807	42148225	NM_000168.6	-	SJ	0	4	0	2	0	0	0	1	2	1	0	2	10	1	2	0	1	0	0	0	0	2	GLI3			3		0	0.003375527	0	0.004807692	0	0	0	0.002267574	0.005291005	0.002666667	0	0.005979073	0.006365372	0.002059732	0.002392344	0	0.000690131	0	0	0	0	0.007984032	hg38	3	exon 3 ~ cryptic acceptor	FALSE
chr7	42138315	42148225	NM_000168.6	-	SJ	0	0	0	0	0	0	0	0	0	1	0	0	0	0	0	0	0	0	0	0	0	0	GLI3			3		0	0	0	0	0	0	0	0	0	0.002666667	0	0	0	0	0	0	0	0	0	0	0	0	hg38	3	exon 3 ~ cryptic acceptor	FALSE
chr7	42145607	42148225	NM_000168.6	-	SJ	2	2	0	0	5	1	2	4	3	0	2	2	4	2	3	2	1	0	0	0	1	0	GLI3			3		0.002350176	0.001687764	0	0	0.004830918	0.004219409	0.003093581	0.009070295	0.007936508	0	0.003389831	0.005979073	0.002546149	0.004119464	0.003588517	0.00456621	0.000690131	0	0	0	0.001523229	0	hg38	3	exon 3 ~ cryptic acceptor	FALSE
chr7	42148037	42148225	NM_000168.6	-	SJ	0	0	0	0	0	0	0	0	0	0	0	0	0	0	0	0	0	0	0	0	1	0	GLI3			3		0	0	0	0	0	0	0	0	0	0	0	0	0	0	0	0	0	0	0	0	0.001523229	0	hg38	3	exon 3 ~ cryptic acceptor	FALSE
chr7	41552290	42370591	NM_000168.6	-	SJ	0	0	0	0	2	0	0	0	0	0	0	0	0	0	0	0	0	0	0	0	0	0	GLI3					0	0	0	0	0.001932367	0	0	0	0	0	0	0	0	0	0	0	0	0	0	0	0	0	hg38	3	unannotated junctions	
chr7	41966224	42163258	NM_000168.6	-	SJ	0	0	0	0	0	0	0	0	0	0	0	0	0	0	0	0	0	0	0	0	1	0	GLI3					0	0	0	0	0	0	0	0	0	0	0	0	0	0	0	0	0	0	0	0	0.001523229	0	hg38	3	unannotated junctions	
chr7	42026413	42223129	NM_000168.6	-	SJ	0	1	0	0	0	0	0	0	0	0	0	0	0	0	0	0	0	0	0	0	0	0	GLI3		7	2		0	0.000843882	0	0	0	0	0	0	0	0	0	0	0	0	0	0	0	0	0	0	0	0	hg38	3	exon 3-4-5-6-7 skipping	FALSE
chr7	42026413	42237498	NM_000168.6	-	SJ	0	0	0	0	0	0	0	0	0	0	0	0	0	0	0	0	2	0	0	0	0	0	GLI3		7			0	0	0	0	0	0	0	0	0	0	0	0	0	0	0	0	0.001380262	0	0	0	0	0	hg38	3	cryptic donor ~ exon 8	FALSE
chr7	42048697	42223129	NM_000168.6	-	SJ	0	0	0	0	0	2	0	0	0	0	0	0	4	0	0	0	0	0	0	0	0	0	GLI3		4	2		0	0	0	0	0	0.008438819	0	0	0	0	0	0	0.002546149	0	0	0	0	0	0	0	0	0	hg38	3	exon 3-4 skipping	FALSE
chr7	42148469	42150019	NM_000168.6	-	SJ	0	0	1	0	1	0	0	0	0	0	0	0	0	0	0	0	0	0	0	0	0	0	GLI3		2			0	0	0.001227747	0	0.001091107	0	0	0	0	0	0	0	0	0	0	0	0	0	0	0	0	0	hg38	2	cryptic donor ~ exon 3	TRUE
chr7	42148469	42152352	NM_000168.6	-	SJ	0	2	0	0	1	0	0	0	0	0	0	0	0	0	1	0	0	0	0	0	0	0	GLI3		2			0	0.001254312	0	0	0.001091107	0	0	0	0	0	0	0	0	0	0.00147167	0	0	0	0	0	0	0	hg38	2	cryptic donor ~ exon 3	FALSE
chr7	42148469	42156220	NM_000168.6	-	SJ	3	0	0	0	0	0	0	0	0	0	0	0	0	0	0	0	0	0	0	0	0	0	GLI3		2			0.00427655	0	0	0	0	0	0	0	0	0	0	0	0	0	0	0	0	0	0	0	0	0	hg38	2	cryptic donor ~ exon 3	TRUE
chr7	42148469	42156545	NM_000168.6	-	SJ	0	2	0	0	0	0	1	0	2	0	0	0	0	0	0	0	0	4	0	0	0	0	GLI3		2			0	0.001254312	0	0	0	0	0.002118644	0	0.004634994	0	0	0	0	0	0	0	0	0.008097166	0	0	0	0	hg38	2	cryptic donor ~ exon 3	FALSE
chr7	42148469	42172519	NM_000168.6	-	SJ	4	5	3	0	0	0	6	0	0	2	1	0	22	7	1	0	0	3	5	2	2	0	GLI3		2			0.005702067	0.003135779	0.003683241	0	0	0	0.012711864	0	0	0.004110997	0.001610306	0	0.014652015	0.017135863	0.00147167	0	0	0.006072874	0.006138735	0.007858546	0.001579779	0	hg38	2	cryptic donor ~ exon 3	TRUE
chr7	42148469	42189727	NM_000168.6	-	SJ	1	0	0	0	0	0	0	0	0	0	0	2	0	1	0	0	0	0	0	0	0	0	GLI3		2			0.001425517	0	0	0	0	0	0	0	0	0	0	0.006734007	0	0.00244798	0	0	0	0	0	0	0	0	hg38	2	cryptic donor ~ exon 3	TRUE
chr7	42148469	42192097	NM_000168.6	-	SJ	0	0	0	0	0	0	0	0	0	0	0	0	2	0	0	0	0	0	0	0	0	0	GLI3		2			0	0	0	0	0	0	0	0	0	0	0	0	0.001332001	0	0	0	0	0	0	0	0	0	hg38	2	cryptic donor ~ exon 3	TRUE
chr7	42148469	42198413	NM_000168.6	-	SJ	0	4	0	0	0	0	0	0	0	0	0	0	0	0	0	0	0	0	0	0	0	0	GLI3		2			0	0.002508623	0	0	0	0	0	0	0	0	0	0	0	0	0	0	0	0	0	0	0	0	hg38	2	cryptic donor ~ exon 3	FALSE
chr7	42148469	42217867	NM_000168.6	-	SJ	0	0	0	0	0	1	0	0	0	0	0	0	0	0	1	0	0	0	0	0	0	0	GLI3		2			0	0	0	0	0	0.004535147	0	0	0	0	0	0	0	0	0.00147167	0	0	0	0	0	0	0	hg38	2	cryptic donor ~ exon 3	TRUE
chr7	42148469	42223129	NM_000168.6	-	SJ	458	1058	530	217	612	142	303	214	277	333	415	189	866	295	448	217	452	313	542	166	808	304	GLI3		2	2	canonical	0.652886671	0.663530887	0.650705955	0.668721109	0.667757774	0.64399093	0.641949153	0.659476117	0.641946698	0.684480987	0.668276973	0.636363636	0.576756577	0.722154223	0.659308315	0.671826625	0.694850115	0.633603239	0.66543892	0.652259332	0.638230648	0.630051813	hg38	2	canonical exon 2-3 splicing	TRUE
chr7	42148469	42223129	NM_000168.6	-	IR	189.5	466.5	233.5	99.5	259.5	66.5	135	86.5	122.5	122.5	155	76	451.5	83.5	184.5	71	161.5	145	225.5	75.5	388	148.5	GLI3	189.5	2	2	canonical	0.270135424	0.292568203	0.286678944	0.306625578	0.28314239	0.301587302	0.286016949	0.266563945	0.283893395	0.251798561	0.249597424	0.255892256	0.300699301	0.204406365	0.271523179	0.219814241	0.248270561	0.293522267	0.276856967	0.296660118	0.306477093	0.307772021	hg38	2	intron 2 retention	
chr7	42148469	42226811	NM_000168.6	-	SJ	0	0	0	0	0	0	0	0	0	1	0	0	0	0	0	0	0	0	0	0	0	0	GLI3		2			0	0	0	0	0	0	0	0	0	0.002055498	0	0	0	0	0	0	0	0	0	0	0	0	hg38	2	cryptic donor ~ exon 3	FALSE
chr7	42148469	42236970	NM_000168.6	-	SJ	6	6	0	0	0	2	0	0	0	0	9	0	11	0	0	0	0	0	1	2	14	0	GLI3		2	1		0.0085531	0.003762935	0	0	0	0.009070295	0	0	0	0	0.014492754	0	0.007326007	0	0	0	0	0	0.001227747	0.007858546	0.011058452	0	hg38	2	exon 2 skipping	FALSE
chr7	42148469	42237783	NM_000168.6	-	SJ	0	2	4	0	0	0	0	0	0	0	0	2	6	0	0	0	7	0	0	0	6	0	GLI3		2			0	0.001254312	0.004910988	0	0	0	0	0	0	0	0	0.006734007	0.003996004	0	0	0	0.010760953	0	0	0	0.004739336	0	hg38	2	cryptic donor ~ exon 3	FALSE
chr7	42026413	42223129	NM_000168.6	-	SJ	0	1	0	0	0	0	0	0	0	0	0	0	0	0	0	0	0	0	0	0	0	0	GLI3		7	2		0	0.000627156	0	0	0	0	0	0	0	0	0	0	0	0	0	0	0	0	0	0	0	0	hg38	2	exon 3-4-5-6-7 skipping	FALSE
chr7	42048697	42223129	NM_000168.6	-	SJ	0	0	0	0	0	2	0	0	0	0	0	0	4	0	0	0	0	0	0	0	0	0	GLI3		4	2		0	0	0	0	0	0.009070295	0	0	0	0	0	0	0.002664003	0	0	0	0	0	0	0	0	0	hg38	2	exon 3-4 skipping	FALSE
chr7	42076858	42223129	NM_000168.6	-	SJ	10	10	9	4	14	2	16	3	6	3	10	6	12	2	3	3	5	11	3	5	19	10	GLI3		3	2		0.014255167	0.006271558	0.011049724	0.012326656	0.015275505	0.009070295	0.033898305	0.009244992	0.013904983	0.006166495	0.01610306	0.02020202	0.007992008	0.004895961	0.004415011	0.009287926	0.007686395	0.022267206	0.003683241	0.019646365	0.015007899	0.020725389	hg38	2	exon 3 skipping	TRUE
chr7	42148467	42223129	NM_000168.6	-	SJ	0	3	2	0	0	0	0	0	0	1	0	0	3	0	0	0	0	0	0	2	0	3	GLI3			2		0	0.001881468	0.002455494	0	0	0	0	0	0	0.002055498	0	0	0.001998002	0	0	0	0	0	0	0.007858546	0	0.006217617	hg38	2	exon 2 ~ cryptic acceptor	FALSE
chr7	42172687	42223129	NM_000168.6	-	SJ	10	5	5	0	2	0	4	1	1	4	3	0	3	0	5	1	8	2	12	1	5	3	GLI3			2		0.014255167	0.003135779	0.006138735	0	0.002182215	0	0.008474576	0.003081664	0.002317497	0.008221994	0.004830918	0	0.001998002	0	0.007358352	0.003095975	0.012298232	0.004048583	0.014732965	0.003929273	0.003949447	0.006217617	hg38	2	exon 2 ~ cryptic acceptor	FALSE
chr7	42174603	42223129	NM_000168.6	-	SJ	0	0	0	0	0	0	0	0	0	0	1	0	0	0	0	0	0	0	0	0	0	0	GLI3			2		0	0	0	0	0	0	0	0	0	0	0.001610306	0	0	0	0	0	0	0	0	0	0	0	hg38	2	exon 2 ~ cryptic acceptor	FALSE
chr7	42212803	42223129	NM_000168.6	-	SJ	0	2	1	0	0	0	0	2	6	0	2	2	19	0	2	3	0	0	1	0	0	1	GLI3			2		0	0.001254312	0.001227747	0	0	0	0	0.006163328	0.013904983	0	0.003220612	0.006734007	0.012654013	0	0.002943341	0.009287926	0	0	0.001227747	0	0	0.002072539	hg38	2	exon 2 ~ cryptic acceptor	FALSE
chr7	42212819	42223129	NM_000168.6	-	SJ	2	0	0	0	0	0	0	0	0	0	0	0	1	0	0	0	0	0	0	0	0	0	GLI3			2		0.002851033	0	0	0	0	0	0	0	0	0	0	0	0.000666001	0	0	0	0	0	0	0	0	0	hg38	2	exon 2 ~ cryptic acceptor	TRUE
chr7	42220650	42223129	NM_000168.6	-	SJ	0	0	0	0	1	0	0	0	0	0	0	0	0	0	0	0	0	0	0	0	0	0	GLI3			2		0	0	0	0	0.001091107	0	0	0	0	0	0	0	0	0	0	0	0	0	0	0	0	0	hg38	2	exon 2 ~ cryptic acceptor	FALSE
chr7	42220662	42223129	NM_000168.6	-	SJ	15	26	24	4	23	5	7	17	17	20	25	20	101	20	33	28	15	16	25	0	24	13	GLI3			2		0.021382751	0.016306052	0.02946593	0.012326656	0.025095472	0.022675737	0.014830508	0.05238829	0.039397451	0.041109969	0.040257649	0.067340067	0.067266067	0.048959608	0.048565121	0.086687307	0.023059185	0.032388664	0.030693677	0	0.018957346	0.026943005	hg38	2	exon 2 ~ cryptic acceptor	FALSE
chr7	42222378	42223129	NM_000168.6	-	SJ	2	2	2	0	1	0	0	0	0	0	0	0	0	0	0	0	0	0	0	0	0	0	GLI3			2		0.002851033	0.001254312	0.002455494	0	0.001091107	0	0	0	0	0	0	0	0	0	0	0	0	0	0	0	0	0	hg38	2	exon 2 ~ cryptic acceptor	FALSE
chr7	41552290	42370591	NM_000168.6	-	SJ	0	0	0	0	2	0	0	0	0	0	0	0	0	0	0	0	0	0	0	0	0	0	GLI3					0	0	0	0	0.002182215	0	0	0	0	0	0	0	0	0	0	0	0	0	0	0	0	0	hg38	2	unannotated junctions	
chr7	42026413	42237498	NM_000168.6	-	SJ	0	0	0	0	0	0	0	0	0	0	0	0	0	0	0	0	2	0	0	0	0	0	GLI3		7			0	0	0	0	0	0	0	0	0	0	0	0	0	0	0	0	0.003074558	0	0	0	0	0	hg38	2	cryptic donor ~ exon 8	FALSE
chr7	42076858	42236970	NM_000168.6	-	SJ	1	0	0	0	0	0	0	0	0	0	0	0	0	0	0	0	0	0	0	1	0	0	GLI3		3	1		0.001425517	0	0	0	0	0	0	0	0	0	0	0	0	0	0	0	0	0	0	0.003929273	0	0	hg38	2	exon 2-3 skipping	FALSE
chr7	42076858	42237783	NM_000168.6	-	SJ	0	0	0	0	0	0	0	1	0	0	0	0	0	0	0	0	0	0	0	0	0	0	GLI3		3			0	0	0	0	0	0	0	0.003081664	0	0	0	0	0	0	0	0	0	0	0	0	0	0	hg38	2	cryptic donor ~ exon 4	FALSE
chr7	42148467	42237783	NM_000168.6	-	SJ	0	0	0	0	0	0	0	0	0	0	0	0	0	0	1	0	0	0	0	0	0	0	GLI3					0	0	0	0	0	0	0	0	0	0	0	0	0	0	0.00147167	0	0	0	0	0	0	0	hg38	2	unannotated junctions	
chr7	42223296	42224195	NM_000168.6	-	SJ	0	0	0	0	5	0	0	0	0	1	0	0	0	0	1	0	0	0	0	1	0	0	GLI3		1			0	0	0	0	0.021929825	0	0	0	0	0.006968641	0	0	0	0	0.004385965	0	0	0	0	0.013245033	0	0	hg38	1	cryptic donor ~ exon 2	FALSE
chr7	42223296	42226811	NM_000168.6	-	SJ	2	0	0	0	0	0	0	1	0	0	0	0	1	0	0	0	0	0	1	1	0	0	GLI3		1			0.010126582	0	0	0	0	0	0	0.010050251	0	0	0	0	0.002209945	0	0	0	0	0	0.00530504	0.013245033	0	0	hg38	1	cryptic donor ~ exon 2	FALSE
chr7	42223296	42227650	NM_000168.6	-	SJ	0	0	0	0	0	0	0	0	0	0	1	0	0	1	0	0	0	0	0	0	0	0	GLI3		1			0	0	0	0	0	0	0	0	0	0	0.005277045	0	0	0.006779661	0	0	0	0	0	0	0	0	hg38	1	cryptic donor ~ exon 2	FALSE
chr7	42223296	42227758	NM_000168.6	-	SJ	0	0	0	0	0	0	0	1	0	0	0	0	0	0	0	0	0	0	1	0	0	0	GLI3		1			0	0	0	0	0	0	0	0.010050251	0	0	0	0	0	0	0	0	0	0	0.00530504	0	0	0	hg38	1	cryptic donor ~ exon 2	FALSE
chr7	42223296	42231410	NM_000168.6	-	SJ	0	0	0	0	0	0	0	0	0	0	0	0	0	0	0	0	0	0	0	0	1	0	GLI3		1			0	0	0	0	0	0	0	0	0	0	0	0	0	0	0	0	0	0	0	0	0.003378378	0	hg38	1	cryptic donor ~ exon 2	FALSE
chr7	42223296	42232349	NM_000168.6	-	SJ	0	0	0	0	0	0	0	0	0	0	0	0	0	0	0	0	0	0	1	0	0	0	GLI3		1			0	0	0	0	0	0	0	0	0	0	0	0	0	0	0	0	0	0	0.00530504	0	0	0	hg38	1	cryptic donor ~ exon 2	FALSE
chr7	42223296	42235745	NM_000168.6	-	SJ	0	0	0	0	0	0	3	0	2	0	0	1	2	2	0	0	1	2	0	1	0	0	GLI3		1			0	0	0	0	0	0	0.026200873	0	0.02247191	0	0	0.011363636	0.00441989	0.013559322	0	0	0.004545455	0.014869888	0	0.013245033	0	0	hg38	1	cryptic donor ~ exon 2	FALSE
chr7	42223296	42236525	NM_000168.6	-	SJ	0	2	0	0	0	0	0	0	0	0	0	0	0	0	0	0	0	0	0	0	0	0	GLI3		1			0	0.004624277	0	0	0	0	0	0	0	0	0	0	0	0	0	0	0	0	0	0	0	0	hg38	1	cryptic donor ~ exon 2	FALSE
chr7	42223296	42236970	NM_000168.6	-	SJ	74	145	49	14	103	16	33	33	29	35	76	31	149	57	112	45	59	55	67	38	109	23	GLI3		1	1	canonical	0.374683544	0.335260116	0.25	0.266666667	0.451754386	0.380952381	0.288209607	0.331658291	0.325842697	0.243902439	0.401055409	0.352272727	0.329281768	0.386440678	0.49122807	0.391304348	0.268181818	0.408921933	0.355437666	0.503311258	0.368243243	0.243386243	hg38	1	canonical exon 1-2 splicing	TRUE
chr7	42223296	42236970	NM_000168.6	-	IR	37.5	93.5	41	9.5	41	9	20.5	17.5	13	20.5	31.5	12	101.5	21.5	42	16	32	27.5	31.5	16.5	64	20.5	GLI3	37.5	1	1	canonical	0.189873418	0.216184971	0.209183673	0.180952381	0.179824561	0.214285714	0.179039301	0.175879397	0.146067416	0.142857143	0.166226913	0.136363636	0.224309392	0.145762712	0.184210526	0.139130435	0.145454545	0.204460967	0.167108753	0.218543046	0.216216216	0.216931217	hg38	1	intron 1 retention	
chr7	42223296	42237386	NM_000168.6	-	SJ	0	1	0	0	0	0	0	0	0	0	0	0	0	0	0	0	2	0	0	0	1	0	GLI3		1			0	0.002312139	0	0	0	0	0	0	0	0	0	0	0	0	0	0	0.009090909	0	0	0	0.003378378	0	hg38	1	cryptic donor ~ exon 2	FALSE
chr7	42223296	42237498	NM_000168.6	-	SJ	28	49	10	2	11	7	6	18	11	21	20	15	30	24	19	17	32	15	20	5	16	5	GLI3		1			0.141772152	0.113294798	0.051020408	0.038095238	0.048245614	0.166666667	0.052401747	0.180904523	0.123595506	0.146341463	0.105540897	0.170454545	0.066298343	0.162711864	0.083333333	0.147826087	0.145454545	0.111524164	0.106100796	0.066225166	0.054054054	0.052910053	hg38	1	cryptic donor ~ exon 2	TRUE
chr7	42223296	42237778	NM_000168.6	-	SJ	0	0	0	0	0	0	0	0	0	0	1	0	0	0	0	3	0	0	0	0	0	0	GLI3		1			0	0	0	0	0	0	0	0	0	0	0.005277045	0	0	0	0	0.026086957	0	0	0	0	0	0	hg38	1	cryptic donor ~ exon 2	FALSE
chr7	42223296	42237783	NM_000168.6	-	SJ	46	131	90	27	61	8	51	28	34	66	51	24	138	33	51	32	69	33	66	10	85	45	GLI3		1			0.232911392	0.302890173	0.459183673	0.514285714	0.26754386	0.19047619	0.445414847	0.281407035	0.382022472	0.459930314	0.269129288	0.272727273	0.304972376	0.223728814	0.223684211	0.27826087	0.313636364	0.24535316	0.350132626	0.132450331	0.287162162	0.476190476	hg38	1	cryptic donor ~ exon 2	TRUE
chr7	42223296	42240147	NM_000168.6	-	SJ	2	0	0	0	0	0	0	0	0	0	0	0	0	0	0	0	0	0	0	0	0	0	GLI3		1			0.010126582	0	0	0	0	0	0	0	0	0	0	0	0	0	0	0	0	0	0	0	0	0	hg38	1	cryptic donor ~ exon 2	TRUE
chr7	42223296	42240509	NM_000168.6	-	SJ	0	0	0	0	1	0	0	0	0	0	0	0	0	0	0	0	0	0	0	0	0	0	GLI3		1			0	0	0	0	0.004385965	0	0	0	0	0	0	0	0	0	0	0	0	0	0	0	0	0	hg38	1	cryptic donor ~ exon 2	FALSE
chr7	42223296	42240516	NM_000168.6	-	SJ	0	2	0	0	3	0	0	0	0	0	0	0	0	0	0	0	0	0	0	0	0	0	GLI3		1			0	0.004624277	0	0	0.013157895	0	0	0	0	0	0	0	0	0	0	0	0	0	0	0	0	0	hg38	1	cryptic donor ~ exon 2	TRUE
chr7	42223296	42263993	NM_000168.6	-	SJ	1	0	0	0	0	0	0	0	0	0	0	0	5	7	0	2	14	2	0	0	0	0	GLI3		1			0.005063291	0	0	0	0	0	0	0	0	0	0	0	0.011049724	0.047457627	0	0.017391304	0.063636364	0.014869888	0	0	0	0	hg38	1	cryptic donor ~ exon 2	FALSE
chr7	42076858	42236970	NM_000168.6	-	SJ	1	0	0	0	0	0	0	0	0	0	0	0	0	0	0	0	0	0	0	1	0	0	GLI3		3	1		0.005063291	0	0	0	0	0	0	0	0	0	0	0	0	0	0	0	0	0	0	0.013245033	0	0	hg38	1	exon 2-3 skipping	FALSE
chr7	42148469	42236970	NM_000168.6	-	SJ	6	6	0	0	0	2	0	0	0	0	9	0	11	0	0	0	0	0	1	2	14	0	GLI3		2	1		0.030379747	0.013872832	0	0	0	0.047619048	0	0	0	0	0.047493404	0	0.024309392	0	0	0	0	0	0.00530504	0.026490066	0.047297297	0	hg38	1	exon 2 skipping	FALSE
chr7	42227020	42236970	NM_000168.6	-	SJ	0	1	0	0	0	0	0	0	0	0	0	0	0	0	0	0	0	0	0	0	0	0	GLI3			1		0	0.002312139	0	0	0	0	0	0	0	0	0	0	0	0	0	0	0	0	0	0	0	0	hg38	1	exon 1 ~ cryptic acceptor	FALSE
chr7	42228909	42236970	NM_000168.6	-	SJ	0	0	0	0	0	0	1	0	0	0	0	0	0	0	0	0	0	0	0	0	0	0	GLI3			1		0	0	0	0	0	0	0.008733624	0	0	0	0	0	0	0	0	0	0	0	0	0	0	0	hg38	1	exon 1 ~ cryptic acceptor	TRUE
chr7	42235840	42236970	NM_000168.6	-	SJ	0	0	0	0	0	0	0	0	0	0	0	3	0	2	0	0	0	0	0	0	0	1	GLI3			1		0	0	0	0	0	0	0	0	0	0	0	0.034090909	0	0.013559322	0	0	0	0	0	0	0	0.010582011	hg38	1	exon 1 ~ cryptic acceptor	FALSE
chr7	42236334	42236970	NM_000168.6	-	SJ	0	0	2	0	1	0	0	0	0	0	0	0	9	0	2	0	0	0	0	0	0	0	GLI3			1		0	0	0.010204082	0	0.004385965	0	0	0	0	0	0	0	0.019889503	0	0.00877193	0	0	0	0	0	0	0	hg38	1	exon 1 ~ cryptic acceptor	TRUE
chr7	41552290	42370591	NM_000168.6	-	SJ	0	0	0	0	2	0	0	0	0	0	0	0	0	0	0	0	0	0	0	0	0	0	GLI3					0	0	0	0	0.00877193	0	0	0	0	0	0	0	0	0	0	0	0	0	0	0	0	0	hg38	1	unannotated junctions	
chr7	42026413	42237498	NM_000168.6	-	SJ	0	0	0	0	0	0	0	0	0	0	0	0	0	0	0	0	2	0	0	0	0	0	GLI3		7			0	0	0	0	0	0	0	0	0	0	0	0	0	0	0	0	0.009090909	0	0	0	0	0	hg38	1	cryptic donor ~ exon 8	FALSE
chr7	42076858	42237783	NM_000168.6	-	SJ	0	0	0	0	0	0	0	1	0	0	0	0	0	0	0	0	0	0	0	0	0	0	GLI3		3			0	0	0	0	0	0	0	0.010050251	0	0	0	0	0	0	0	0	0	0	0	0	0	0	hg38	1	cryptic donor ~ exon 4	FALSE
chr7	42148467	42237783	NM_000168.6	-	SJ	0	0	0	0	0	0	0	0	0	0	0	0	0	0	1	0	0	0	0	0	0	0	GLI3					0	0	0	0	0	0	0	0	0	0	0	0	0	0	0.004385965	0	0	0	0	0	0	0	hg38	1	unannotated junctions	
chr7	42148469	42237783	NM_000168.6	-	SJ	0	2	4	0	0	0	0	0	0	0	0	2	6	0	0	0	7	0	0	0	6	0	GLI3		2			0	0.004624277	0.020408163	0	0	0	0	0	0	0	0	0.022727273	0.013259669	0	0	0	0.031818182	0	0	0	0.02027027	0	hg38	1	cryptic donor ~ exon 3	FALSE
chr7	42172687	42237783	NM_000168.6	-	SJ	0	0	0	0	0	0	0	0	0	0	0	0	0	0	0	0	2	0	0	0	0	0	GLI3					0	0	0	0	0	0	0	0	0	0	0	0	0	0	0	0	0.009090909	0	0	0	0	0	hg38	1	unannotated junctions	